messageId,camId,timestamp,latitude,longitude,heading,speed,acceleration
2,5,647,45.0531,7.65489,90,0.93,3.8
2,5,847,45.0531,7.6549,90,1.66,3.8
2,3,880,45.0523,7.65478,303.6,2.47,3.1
2,5,1047,45.0531,7.6549,90,2.37,3.9
2,3,1080,45.0523,7.65477,303.6,3.13,3.2
2,5,1247,45.0531,7.65491,90,3.02,2.7
2,3,1280,45.0523,7.65477,303.6,3.76,3.9
2,5,1447,45.0531,7.65492,90,3.65,3.1
2,3,1480,45.0523,7.65476,303.6,4.35,2.3
2,5,1647,45.0531,7.65493,90,4.26,2.4
2,3,1680,45.0523,7.65475,303.6,4.93,3.7
2,5,1847,45.0531,7.65494,90,4.88,2.2
2,3,1880,45.0523,7.65474,303.6,5.55,2.9
2,5,2047,45.0531,7.65495,90,5.51,2.3
2,3,2080,45.0523,7.65473,303.6,6.13,2.3
2,6,2199,45.0531,7.6547,236.9,0.89,3.9
2,5,2247,45.0531,7.65497,90,6.09,2.1
2,3,2280,45.0523,7.65472,303.6,6.75,3
2,7,2352,45.0523,7.65478,303.6,1.07,3.9
2,6,2399,45.0531,7.65469,236.9,1.63,3.4
2,5,2447,45.0531,7.65498,90,6.67,3.8
2,3,2480,45.0524,7.6547,303.6,7.36,3.6
2,7,2552,45.0523,7.65478,303.6,1.8,3.5
2,6,2599,45.0531,7.65469,236.9,2.33,3
2,5,2647,45.0531,7.655,90,7.32,3.4
2,3,2680,45.0524,7.65469,303.6,8,2
2,7,2752,45.0523,7.65478,303.6,2.49,3.2
2,6,2799,45.0531,7.65468,236.9,2.98,2.9
2,5,2847,45.0531,7.65502,90,7.93,2.4
2,3,2880,45.0524,7.65467,303.6,8.6,3.4
2,7,2952,45.0523,7.65477,303.6,3.16,3.5
2,6,2999,45.0531,7.65468,236.9,3.61,2.4
2,5,3047,45.0531,7.65504,90,8.53,3.5
2,3,3080,45.0524,7.65465,303.6,9.18,2.3
2,7,3152,45.0523,7.65477,303.6,3.78,2.4
2,6,3199,45.0531,7.65469,236.9,4.22,3.7
2,5,3247,45.0531,7.65506,90,9.11,2.2
2,3,3280,45.0524,7.65464,303.6,9.7,-0.6
2,7,3352,45.0523,7.65476,303.6,4.38,2.7
2,6,3399,45.0531,7.65468,236.9,4.83,3.4
2,5,3447,45.0531,7.65508,90,9.74,3.4
2,3,3480,45.0524,7.65462,303.6,9.7,-0.5
2,7,3552,45.0523,7.65475,303.6,4.97,2.9
2,6,3599,45.0531,7.65467,236.9,5.49,3.4
2,5,3647,45.0531,7.65511,90,10.33,3.5
2,3,3680,45.0524,7.6546,303.6,9.7,-0.1
2,7,3752,45.0523,7.65474,303.6,5.55,3
2,6,3799,45.053,7.65466,236.9,6.11,2.9
2,5,3847,45.0531,7.65514,90,10.94,3.7
2,3,3880,45.0524,7.65458,303.6,9.7,-0.2
2,7,3952,45.0523,7.65473,303.6,6.19,2.7
2,6,3999,45.053,7.65465,236.9,6.69,3.9
2,5,4047,45.0531,7.65516,90,11.56,3.3
2,7,4152,45.0523,7.65472,303.6,6.8,2.5
2,6,4199,45.053,7.65463,236.9,7.27,2.9
2,5,4247,45.0531,7.65519,90,12.14,3.1
2,7,4352,45.0524,7.6547,303.6,6.93,0.6
2,3,4380,45.0524,7.65453,303.6,9.7,-1.5
2,6,4399,45.053,7.65462,236.9,7.9,3.2
2,5,4447,45.0531,7.65523,90,12.76,2.8
2,7,4552,45.0524,7.65469,303.6,6.92,0.1
2,6,4599,45.053,7.6546,236.9,8.46,2.6
2,5,4647,45.0531,7.65526,90,13.37,2.7
2,7,4752,45.0524,7.65468,303.6,6.92,0.3
2,6,4799,45.053,7.65458,236.9,9.07,3.6
2,5,4847,45.0531,7.65529,90,13.88,1
2,3,4880,45.0525,7.65449,307.2,9.71,0.2
2,3,4980,45.0525,7.65449,316.1,9.7,0.4
2,6,4999,45.053,7.65456,236.9,9.66,3
2,5,5047,45.0531,7.65533,90,13.87,-1.1
2,3,5080,45.0525,7.65449,325.6,9.71,-0.8
2,3,5180,45.0525,7.65448,335.2,9.71,1.3
2,6,5199,45.053,7.65454,236.9,10.24,2.8
2,5,5247,45.0531,7.65536,90,13.88,-0.4
2,3,5280,45.0525,7.65448,344.4,9.71,1.2
2,7,5352,45.0524,7.65464,303.6,6.93,1.1
2,3,5380,45.0525,7.65448,350.5,9.7,-0.5
2,6,5399,45.053,7.65452,236.9,10.82,2.6
2,5,5447,45.0531,7.6554,90,13.87,0.4
2,3,5480,45.0525,7.65448,350.5,9.71,0.9
2,3,5580,45.0525,7.65448,350.5,9.71,-0.3
2,6,5599,45.053,7.65449,236.9,11.4,3.1
2,3,5680,45.0525,7.65447,350.5,9.71,0.5
2,5,5747,45.0531,7.65545,90,13.88,-0.2
2,6,5799,45.053,7.65447,236.9,11.98,3.2
2,7,5952,45.0524,7.6546,303.6,6.93,0.1
2,6,5999,45.0529,7.65444,236.9,12.59,2
2,5,6047,45.0531,7.6555,90,13.87,0.2
2,3,6180,45.0526,7.65446,350.5,9.71,0.9
2,6,6199,45.0529,7.65442,236.9,13.19,2.7
2,6,6299,45.0529,7.65441,231,13.47,3.1
2,5,6347,45.0531,7.65555,90,13.87,-1.8
2,6,6399,45.0529,7.65441,218.4,13.77,3.1
2,6,6499,45.0529,7.6544,205,14.07,2.7
2,7,6552,45.0524,7.65456,303.6,6.93,-0.3
2,6,6599,45.0529,7.6544,192.3,14.37,2.8
2,5,6647,45.0531,7.65561,90,13.88,0.3
2,3,6680,45.0526,7.65445,350.5,9.71,-0.1
2,6,6699,45.0529,7.6544,191.2,14.7,3.2
2,6,6799,45.0529,7.65439,191.2,15.01,2.5
2,6,6899,45.0528,7.65439,191.2,15.25,0
2,5,6947,45.0531,7.65566,90,13.87,-0.6
2,7,7152,45.0524,7.65452,303.6,6.93,-0.3
2,3,7180,45.0526,7.65444,350.5,9.7,-0.2
2,6,7199,45.0528,7.65438,191.2,15.26,0.8
2,5,7247,45.0531,7.65571,90,13.88,0
2,6,7499,45.0528,7.65437,191.2,15.25,-0.9
2,5,7547,45.0531,7.65576,90,13.88,0.6
2,7,7652,45.0525,7.65449,311.4,6.93,0
2,3,7680,45.0527,7.65443,350.5,9.7,-1.6
2,7,7752,45.0525,7.65449,318,6.92,-1
2,6,7799,45.0527,7.65436,191.2,15.26,0.3
2,5,7847,45.0531,7.65581,90,13.87,-0.1
2,7,7852,45.0525,7.65449,324.8,6.93,1
2,7,7952,45.0525,7.65448,331.6,6.93,-0.5
2,7,8052,45.0525,7.65448,338.4,6.92,-0.3
2,6,8099,45.0527,7.65435,186.6,15.26,0.8
2,5,8147,45.0531,7.65587,90,13.88,1.1
2,7,8152,45.0525,7.65448,344.8,6.93,1.6
2,3,8180,45.0527,7.65443,357.5,9.71,1.6
2,6,8199,45.0527,7.65436,180.2,15.25,-1.6
2,7,8252,45.0525,7.65448,350.5,6.93,0.5
2,3,8280,45.0527,7.65443,1.6,9.71,-0.9
2,6,8299,45.0527,7.65436,173.8,15.25,-0.3
2,7,8352,45.0525,7.65448,350.5,6.92,-0.2
2,3,8380,45.0527,7.65443,5.7,9.7,0.6
2,6,8399,45.0526,7.65436,170.5,15.25,-0.2
2,5,8447,45.0531,7.65592,90,13.88,0.2
2,7,8452,45.0525,7.65448,350.5,6.92,-1.9
2,3,8480,45.0527,7.65444,9.7,9.7,-0.1
2,6,8499,45.0526,7.65437,170.5,15.25,-0.3
2,7,8552,45.0525,7.65448,350.5,6.92,-0.2
2,3,8580,45.0527,7.65444,11.3,9.71,0.3
2,6,8599,45.0526,7.65437,170.5,15.25,0.2
2,3,8680,45.0527,7.65444,11.3,9.71,0.1
2,6,8699,45.0526,7.65437,170.5,15.25,-1.2
2,3,8780,45.0528,7.65444,11.3,9.7,-1.2
2,3,8880,45.0528,7.65444,11.3,9.7,-1.3
2,6,8999,45.0526,7.65438,170.5,15.25,0.3
2,7,9152,45.0525,7.65447,350.5,6.93,-0.6
2,6,9299,45.0525,7.65439,170.5,15.26,-0.4
2,3,9380,45.0528,7.65445,11.3,9.7,0.1
2,6,9599,45.0525,7.6544,170.5,15.25,-0.5
2,7,9752,45.0526,7.65446,350.5,6.93,1.2
2,3,9880,45.0528,7.65446,11.3,9.71,0.5
2,6,9899,45.0524,7.65442,170.5,15.25,-0.8
2,6,10199,45.0524,7.65444,154.7,15.25,0.1
2,6,10299,45.0524,7.65446,139.6,15.26,0.2
2,7,10352,45.0526,7.65445,350.5,6.93,-0.1
2,3,10380,45.0529,7.65447,11.3,9.71,1
2,6,10399,45.0524,7.65447,125.5,15.26,0.3
2,6,10499,45.0524,7.65449,123.6,15.25,-0.7
2,6,10599,45.0524,7.65451,123.6,15.25,-0.8
2,3,10680,45.0529,7.65449,16.6,9.7,-0.7
2,6,10699,45.0524,7.65452,123.6,15.25,-0.8
2,3,10780,45.0529,7.65449,25.5,9.71,0
2,3,10880,45.0529,7.6545,34.8,9.7,0.3
2,7,10952,45.0526,7.65444,350.5,6.93,0.2
2,3,10980,45.0529,7.65451,44,9.71,-0.2
2,6,10999,45.0523,7.65457,123.6,15.26,0
2,3,11080,45.0529,7.65452,52.8,9.71,0.6
2,0,11123,45.0532,7.65582,270,20.81,0
2,3,11180,45.0529,7.65453,56.8,9.7,-0.8
2,3,11280,45.0529,7.65454,56.8,9.71,0.7
2,6,11299,45.0523,7.65462,123.6,15.26,0.9
2,0,11323,45.0532,7.65577,270,20.81,0.6
2,3,11380,45.0529,7.65455,56.8,9.7,0
2,3,11480,45.0529,7.65456,56.8,9.71,0.7
2,0,11523,45.0532,7.65571,270,20.82,0.4
2,7,11552,45.0527,7.65443,350.5,6.93,0.3
2,6,11599,45.0523,7.65467,123.6,15.25,-1.5
2,0,11723,45.0532,7.65566,270,20.82,0.3
2,6,11899,45.0523,7.65472,123.6,15.25,-0.2
2,0,11923,45.0531,7.65561,270,20.82,0.9
2,3,11980,45.053,7.6546,56.8,9.7,-0.1
2,0,12123,45.0531,7.65556,270,20.81,-1
2,7,12152,45.0527,7.65443,355.9,6.93,0.2
2,6,12199,45.0523,7.65476,123.6,15.25,0.6
2,0,12323,45.0531,7.6555,270,20.81,0
2,7,12352,45.0527,7.65443,1.7,6.93,1.4
2,6,12399,45.0522,7.65485,114.8,15.25,-1.4
2,3,12480,45.053,7.65465,56.8,9.71,0.7
2,6,12499,45.0522,7.65487,109.4,15.26,0
2,0,12523,45.0531,7.65545,270,20.82,1.1
2,7,12552,45.0527,7.65444,7.5,6.93,0.5
2,6,12599,45.0522,7.65489,103.8,15.26,0.7
2,6,12699,45.0522,7.65491,98.3,15.25,0.1
2,0,12723,45.0531,7.6554,270,20.81,0.1
2,7,12752,45.0527,7.65444,11.3,6.93,0.8
2,6,12799,45.0522,7.65493,90,15.26,-0.4
2,6,12899,45.0522,7.65495,90,15.25,0.5
2,0,12923,45.0531,7.65535,270,20.81,0.6
2,7,12952,45.0527,7.65444,11.3,6.92,-0.3
2,3,12980,45.053,7.6547,56.8,9.7,-1.8
2,6,12999,45.0522,7.65497,90,15.26,1
2,6,13099,45.0522,7.65498,90,15.25,0.3
2,0,13123,45.0531,7.6553,270,20.82,0.1
2,7,13152,45.0528,7.65444,11.3,6.93,0.1
2,6,13199,45.0522,7.655,90,15.26,1.6
2,6,13299,45.0522,7.65502,90,15.25,-0.2
2,0,13323,45.0531,7.65524,270,20.81,0.7
2,3,13480,45.053,7.65474,56.8,9.71,1.3
2,0,13523,45.0531,7.65519,270,20.81,0
2,6,13599,45.0522,7.65508,90,15.26,0
2,0,13723,45.0531,7.65514,270,20.82,1.6
2,7,13752,45.0528,7.65445,11.3,6.92,-1.7
2,6,13899,45.0522,7.65514,90,15.25,-0.2
2,0,13923,45.0531,7.65509,270,20.81,-1.4
2,3,13980,45.053,7.65479,56.8,9.7,-1.2
2,0,14123,45.0531,7.65504,270,20.81,-0.5
2,6,14199,45.0522,7.65519,90,15.26,0.3
2,0,14323,45.0531,7.65498,270,20.81,-0.5
2,7,14352,45.0528,7.65446,11.3,6.92,0.3
2,3,14380,45.0531,7.65484,64.2,9.71,1.8
2,3,14480,45.0531,7.65485,69.9,9.7,0.1
2,6,14499,45.0522,7.65525,90,15.26,1.3
2,0,14523,45.0531,7.65493,270,20.82,0.4
2,3,14580,45.0531,7.65486,75.5,9.7,0.6
2,3,14680,45.0531,7.65487,80.9,9.71,0.8
2,0,14723,45.0531,7.65488,270,20.82,-0.3
2,3,14780,45.0531,7.65489,86,9.7,0.5
2,6,14799,45.0522,7.65531,90,15.25,-0.3
2,3,14880,45.0531,7.6549,90,9.71,0.7
2,0,14923,45.0531,7.65483,270,20.81,-0.8
2,7,14952,45.0529,7.65447,11.3,6.92,0.1
2,3,14980,45.0531,7.65491,90,9.71,0.5
2,0,15023,45.0531,7.65473,256.7,20.81,-1.4
2,3,15080,45.0531,7.65492,90,9.7,-0.7
2,6,15099,45.0522,7.65537,90,15.25,0
2,0,15123,45.0531,7.65471,251,20.81,-0.2
2,0,15223,45.0531,7.65469,245.6,20.81,0
2,0,15323,45.0531,7.65466,236.9,20.81,-0.4
2,6,15399,45.0522,7.65542,90,15.25,0.7
2,0,15423,45.0531,7.65464,236.9,20.81,-1.2
2,0,15523,45.0531,7.65462,236.9,20.82,0.1
2,7,15552,45.0529,7.65448,11.3,6.92,0.3
2,3,15580,45.0531,7.65498,90,9.71,-0.5
2,0,15623,45.053,7.65459,236.9,20.81,0.2
2,6,15699,45.0522,7.65548,90,15.26,0.5
2,7,15752,45.0529,7.65449,19.2,6.92,-0.7
2,0,15823,45.053,7.65455,236.9,20.82,0.9
2,7,15852,45.0529,7.65449,25.6,6.93,1.4
2,7,15952,45.0529,7.6545,32.2,6.92,0.6
2,6,15999,45.0522,7.65554,90,15.26,1
2,0,16023,45.053,7.6545,236.9,20.82,-0.3
2,7,16052,45.0529,7.65451,38.8,6.92,-0.6
2,3,16080,45.0531,7.65504,90,9.7,-1.2
2,7,16152,45.0529,7.65451,45.4,6.93,1
2,0,16223,45.053,7.65446,236.9,20.81,-0.4
2,7,16252,45.0529,7.65452,51.6,6.92,-0.7
2,6,16299,45.0522,7.6556,90,15.26,0.9
2,7,16352,45.0529,7.65453,56.8,6.93,0.5
2,0,16423,45.053,7.65441,236.9,20.81,0
2,1,16433,45.0523,7.65657,270,6.93,-0.4
2,7,16452,45.0529,7.65453,56.8,6.93,0.1
2,7,16552,45.0529,7.65454,56.8,6.93,0.5
2,3,16580,45.0531,7.6551,90,9.7,0.1
2,6,16599,45.0522,7.65565,90,15.25,-0.6
2,0,16623,45.0529,7.65437,231,20.82,0
2,7,16652,45.0529,7.65455,56.8,6.93,1.1
2,0,16723,45.0529,7.65437,216.1,20.82,0.3
2,0,16823,45.0529,7.65436,200.9,20.82,0.7
2,6,16899,45.0522,7.65571,90,15.26,1
2,0,16923,45.0529,7.65436,191.3,20.81,-1.7
2,0,17023,45.0529,7.65435,191.3,20.81,-1.2
2,1,17033,45.0523,7.65652,270,6.93,0
2,3,17080,45.0531,7.65517,90,9.71,-0.2
2,0,17123,45.0528,7.65435,191.3,20.81,-0.5
2,6,17199,45.0522,7.65577,90,15.25,0.4
2,0,17223,45.0528,7.65434,191.3,20.82,-0.2
2,7,17252,45.0529,7.65459,56.8,6.93,0.3
2,0,17423,45.0528,7.65433,191.3,20.82,-0.2
2,6,17499,45.0522,7.65583,90,15.26,0.1
2,3,17580,45.0531,7.65523,90,9.71,-0.2
2,0,17623,45.0527,7.65432,191.3,20.81,-0.3
2,1,17633,45.0523,7.65647,270,6.93,0.8
2,6,17799,45.0522,7.65588,90,15.25,0.4
2,0,17823,45.0527,7.65431,191.3,20.81,-1.3
2,7,17852,45.053,7.65463,56.8,6.92,-1.5
2,0,18023,45.0527,7.65432,181.6,20.82,0.6
2,3,18080,45.0531,7.65529,90,9.71,0.2
2,6,18099,45.0522,7.65594,90,15.26,-0.6
2,0,18123,45.0526,7.65432,174.9,20.81,-0.1
2,0,18223,45.0526,7.65433,170.5,20.82,0.6
2,1,18233,45.0523,7.65642,270,6.93,0.7
2,0,18323,45.0526,7.65433,170.5,20.82,0.9
2,6,18399,45.0522,7.656,90,15.26,1.1
2,0,18423,45.0526,7.65434,170.5,20.82,-0.3
2,7,18452,45.053,7.65466,56.8,6.92,0
2,0,18523,45.0526,7.65434,170.5,20.81,0.1
2,3,18580,45.0531,7.65535,90,9.7,-1.2
2,6,18699,45.0522,7.65605,90,15.26,0.8
2,0,18723,45.0525,7.65435,170.5,20.82,1.1
2,1,18833,45.0523,7.65637,270,6.93,1.1
2,0,18923,45.0525,7.65436,170.5,20.82,-0.2
2,6,18999,45.0522,7.65611,90,15.25,-0.3
2,7,19052,45.053,7.6547,56.8,6.92,-1
2,3,19080,45.0531,7.65541,90,9.71,0.5
2,0,19123,45.0525,7.65437,170.5,20.81,-0.1
2,6,19299,45.0522,7.65617,90,15.26,0.4
2,0,19323,45.0524,7.65438,170.5,20.82,1.1
2,1,19433,45.0523,7.65631,270,6.92,-0.9
2,0,19523,45.0524,7.65442,152.7,20.82,0.8
2,3,19580,45.0531,7.65547,90,9.7,0.1
2,6,19599,45.0522,7.65623,90,15.26,-0.1
2,0,19623,45.0524,7.65444,136.9,20.81,-1.1
2,7,19652,45.053,7.65474,56.8,6.93,-0.2
2,0,19723,45.0524,7.65446,123.6,20.81,-0.5
2,0,19823,45.0524,7.65448,123.6,20.82,-0.1
2,6,19899,45.0522,7.65628,90,15.26,0.4
2,0,19923,45.0523,7.65451,123.6,20.82,0
2,0,20023,45.0523,7.65453,123.6,20.81,-0.3
2,1,20033,45.0523,7.65626,270,6.92,0.3
2,3,20080,45.0531,7.65553,90,9.7,-0.4
2,6,20199,45.0522,7.65634,90,15.25,-0.1
2,0,20223,45.0523,7.65458,123.6,19.86,-4.5
2,7,20252,45.053,7.65478,56.8,6.93,0.7
2,0,20423,45.0523,7.65462,123.6,19.02,-3.4
2,6,20499,45.0522,7.6564,90,15.25,-0.2
2,3,20580,45.0531,7.65559,90,9.71,1.8
2,0,20623,45.0523,7.65466,123.6,18.18,-2.8
2,1,20633,45.0523,7.65621,270,6.93,1
2,6,20799,45.0522,7.65646,90,15.26,0.5
2,0,20823,45.0523,7.6547,123.6,17.37,-3.1
2,7,20852,45.0531,7.65483,62.5,6.92,-1.4
2,7,20952,45.0531,7.65484,66.6,6.93,-0.1
2,0,21023,45.0522,7.65474,123.6,16.59,-2.5
2,7,21052,45.0531,7.65485,70.6,6.93,1
2,3,21080,45.0531,7.65565,90,9.7,0
2,6,21099,45.0522,7.65651,90,15.26,1.2
2,7,21152,45.0531,7.65486,74.6,6.93,1.7
2,0,21223,45.0522,7.65485,115.3,15.82,-3.1
2,1,21233,45.0523,7.65616,270,6.92,-1.1
2,7,21252,45.0531,7.65487,78.5,6.92,-0.7
2,0,21323,45.0522,7.65487,111.2,15.44,-4.4
2,7,21352,45.0531,7.65488,82.3,6.92,0
2,6,21399,45.0522,7.65657,90,15.25,0
2,0,21423,45.0522,7.65489,107.1,15.08,-3.3
2,0,21523,45.0522,7.65491,102.2,15.28,2.4
2,7,21552,45.0531,7.65489,90,6.92,0.2
2,3,21580,45.0531,7.65571,90,9.7,-0.7
2,0,21623,45.0522,7.65493,97.4,15.57,3.2
2,6,21699,45.0522,7.65663,90,15.26,0.2
2,0,21723,45.0522,7.65495,90,15.92,3.7
2,7,21752,45.0531,7.65491,90,6.93,0.3
2,0,21823,45.0522,7.65497,90,16.21,2.1
2,1,21833,45.0523,7.6561,270,6.93,1.6
2,0,21923,45.0522,7.65499,90,16.5,3.6
2,7,21952,45.0531,7.65493,90,6.93,0.6
2,6,21999,45.0522,7.65668,90,15.26,-0.6
2,0,22023,45.0522,7.65501,90,16.79,3.3
2,3,22080,45.0531,7.65577,90,9.71,-0.4
2,7,22152,45.0531,7.65495,90,6.92,-0.7
2,0,22223,45.0522,7.65505,90,17.39,3.2
2,6,22299,45.0522,7.65674,90,15.26,0.7
2,0,22423,45.0522,7.65509,90,18.02,3.6
2,1,22433,45.0523,7.65605,270,6.92,-1
2,3,22580,45.0531,7.65583,90,9.71,-0.2
2,6,22599,45.0522,7.6568,90,15.26,-0.6
2,0,22623,45.0522,7.65514,90,18.63,2.5
2,7,22752,45.0531,7.655,90,6.92,0.1
2,0,22823,45.0522,7.65519,90,19.28,3.4
2,6,22899,45.0522,7.65686,90,15.25,-1.3
2,0,23023,45.0522,7.65524,90,19.86,3.4
2,1,23033,45.0523,7.656,270,6.92,-0.6
2,3,23080,45.0531,7.65589,90,9.7,-1.1
2,6,23199,45.0522,7.65691,90,15.25,0.4
2,0,23223,45.0522,7.65529,90,20.46,2.5
2,7,23352,45.0531,7.65505,90,6.93,1
2,0,23423,45.0522,7.65534,90,20.82,0.4
2,6,23499,45.0522,7.65697,90,15.26,0
2,3,23580,45.0531,7.65596,90,9.7,-0.6
2,0,23623,45.0522,7.65539,90,20.82,-0.5
2,1,23633,45.0523,7.65595,270,6.93,1.1
2,6,23799,45.0522,7.65703,90,15.26,-0.1
2,0,23823,45.0522,7.65544,90,20.81,0.4
2,7,23952,45.0531,7.6551,90,6.92,0.4
2,0,24023,45.0522,7.6555,90,20.82,-0.4
2,3,24080,45.0531,7.65602,90,9.7,-1.8
2,6,24099,45.0522,7.65709,90,15.26,0.3
2,0,24223,45.0522,7.65555,90,20.82,-0.2
2,1,24233,45.0523,7.6559,270,6.93,0.9
2,6,24399,45.0522,7.65714,90,15.26,0.4
2,0,24423,45.0522,7.6556,90,20.81,0
2,7,24552,45.0531,7.65515,90,6.92,0.1
2,3,24580,45.0531,7.65608,90,9.71,-0.6
2,0,24623,45.0522,7.65565,90,20.81,-1.1
2,6,24699,45.0522,7.6572,90,15.26,0
2,0,24823,45.0522,7.6557,90,20.81,-1.5
2,1,24833,45.0523,7.65584,270,6.93,0.1
2,6,24999,45.0522,7.65726,90,15.25,-1
2,0,25023,45.0522,7.65576,90,20.82,0.8
2,3,25080,45.0531,7.65614,90,9.71,1.6
2,7,25152,45.0531,7.65521,90,6.92,-0.3
2,0,25223,45.0522,7.65581,90,20.81,-1.3
2,0,25423,45.0522,7.65586,90,20.81,0.1
2,1,25433,45.0523,7.65579,270,6.92,-1.6
2,3,25580,45.0531,7.6562,90,9.71,-0.2
2,0,25623,45.0522,7.65591,90,20.82,-0.1
2,7,25752,45.0531,7.65526,90,6.92,-0.5
2,0,25823,45.0522,7.65596,90,20.81,-1.3
2,0,26023,45.0522,7.65602,90,20.82,1.1
2,1,26033,45.0523,7.65574,270,6.92,-1.3
2,3,26080,45.0531,7.65626,90,9.7,0
2,0,26223,45.0523,7.65607,90,20.82,0
2,7,26352,45.0531,7.65531,90,6.93,0.7
2,0,26423,45.0523,7.65612,90,20.81,0
2,3,26580,45.0531,7.65632,90,9.7,-0.2
2,0,26623,45.0523,7.65617,90,20.82,-0.5
2,1,26633,45.0523,7.65569,270,6.93,-0.3
2,0,26823,45.0523,7.65622,90,20.82,-0.2
2,7,26952,45.0531,7.65536,90,6.93,1.3
2,0,27023,45.0523,7.65628,90,20.81,-0.1
2,3,27080,45.0531,7.65638,90,9.7,-0.6
2,0,27223,45.0523,7.65633,90,20.81,-0.9
2,1,27233,45.0523,7.65564,270,6.92,0.4
2,0,27423,45.0523,7.65638,90,20.81,0
2,7,27552,45.0531,7.65541,90,6.92,0.6
2,3,27580,45.0531,7.65644,90,9.7,0.4
2,0,27623,45.0523,7.65643,90,20.82,-0.5
2,0,27823,45.0523,7.65649,90,20.82,0.2
2,1,27833,45.0523,7.65558,270,6.92,0.2
2,0,28023,45.0523,7.65654,90,20.81,0
2,3,28080,45.0531,7.6565,90,9.71,-0.3
2,7,28152,45.0531,7.65547,90,6.93,-0.3
2,0,28223,45.0523,7.65659,90,20.82,1.4
2,0,28423,45.0523,7.65664,90,20.81,-0.5
2,1,28433,45.0523,7.65553,270,6.92,0.2
2,3,28580,45.0531,7.65656,90,9.71,0.6
2,0,28623,45.0523,7.65669,90,20.82,-0.2
2,7,28752,45.0531,7.65552,90,6.93,1.2
2,0,28823,45.0523,7.65675,90,20.81,-1.4
2,0,29023,45.0523,7.6568,90,20.81,-0.7
2,1,29033,45.0523,7.65548,270,6.93,0
2,3,29080,45.0531,7.65662,90,9.7,-0.2
2,0,29223,45.0523,7.65685,90,20.82,0
2,7,29352,45.0531,7.65557,90,6.93,0.9
2,0,29423,45.0523,7.6569,90,20.81,-1
2,3,29580,45.0531,7.65668,90,9.71,-0.3
2,0,29623,45.0523,7.65695,90,20.82,0.6
2,1,29633,45.0523,7.65543,270,6.93,1.1
2,0,29823,45.0523,7.65701,90,20.81,0.6
2,7,29952,45.0531,7.65562,90,6.93,0.9
2,0,30023,45.0523,7.65706,90,20.82,0.4
2,3,30080,45.0531,7.65675,90,9.71,-0.6
2,0,30223,45.0523,7.65711,90,20.82,0.1
2,1,30233,45.0523,7.65538,270,6.93,-0.1
2,0,30423,45.0523,7.65716,90,20.82,0.2
2,7,30552,45.0531,7.65568,90,6.92,-0.5
2,3,30580,45.0531,7.65681,90,9.71,1.6
2,0,30623,45.0523,7.65721,90,20.81,-1
2,0,30823,45.0523,7.65727,90,20.82,-0.4
2,1,30833,45.0523,7.65532,270,6.92,-1.6
2,0,31023,45.0523,7.65732,90,20.82,-0.1
2,3,31080,45.0531,7.65687,90,9.71,0
2,7,31152,45.0531,7.65573,90,6.93,1
2,0,31223,45.0523,7.65737,90,20.81,0
2,0,31423,45.0523,7.65742,90,20.82,1.6
2,1,31433,45.0523,7.65527,270,6.93,0.9
2,3,31580,45.0531,7.65693,90,9.7,-0.2
2,0,31623,45.0523,7.65747,90,20.82,0.8
2,7,31752,45.0531,7.65578,90,6.92,-0.8
2,0,31823,45.0523,7.65753,90,20.82,0.4
2,5,31847,45.0523,7.65755,270,13.88,0.4
2,0,32023,45.0523,7.65758,90,20.81,-0.8
2,1,32033,45.0523,7.65522,270,6.92,0.1
2,3,32080,45.0531,7.65699,90,9.71,0
2,5,32147,45.0523,7.65749,270,13.88,0.6
2,0,32223,45.0523,7.65763,90,20.81,-0.5
2,7,32352,45.0531,7.65583,90,6.93,-0.1
2,5,32447,45.0523,7.65744,270,13.87,-0.4
2,3,32580,45.0531,7.65705,90,9.7,-1.5
2,1,32633,45.0523,7.65517,270,6.92,-0.6
2,5,32747,45.0523,7.65739,270,13.87,-1
2,7,32952,45.0531,7.65588,90,6.93,0.8
2,5,33047,45.0523,7.65734,270,13.88,0.3
2,3,33080,45.0531,7.65711,90,9.71,-0.3
2,1,33233,45.0523,7.65512,270,6.93,1.8
2,5,33347,45.0523,7.65729,270,13.88,-0.5
2,7,33552,45.0531,7.65594,90,6.92,-1.2
2,3,33580,45.0531,7.65717,90,9.71,0.6
2,5,33647,45.0523,7.65723,270,13.88,0.4
2,1,33833,45.0523,7.65506,270,6.92,-0.7
2,5,33947,45.0523,7.65718,270,13.88,-0.3
2,3,34080,45.0531,7.65723,90,9.71,-0.1
2,7,34152,45.0531,7.65599,90,6.92,0
2,5,34247,45.0523,7.65713,270,13.88,0.2
2,1,34433,45.0523,7.65501,270,6.93,0.1
2,5,34547,45.0523,7.65708,270,13.88,0
2,3,34580,45.0531,7.65729,90,9.7,-1.3
2,7,34752,45.0531,7.65604,90,6.93,0.9
2,5,34847,45.0523,7.65703,270,13.88,0.4
2,1,35033,45.0523,7.65496,270,6.92,0.2
2,3,35080,45.0531,7.65735,90,9.7,-0.7
2,5,35147,45.0523,7.65697,270,13.87,-0.9
2,7,35352,45.0531,7.65609,90,6.93,1
2,5,35447,45.0523,7.65692,270,13.88,-0.3
2,3,35580,45.0531,7.65741,90,9.7,-0.2
2,1,35633,45.0523,7.65491,270,6.92,0.6
2,5,35747,45.0523,7.65687,270,13.88,-0.6
2,7,35952,45.0531,7.65614,90,6.93,0.2
2,5,36047,45.0523,7.65682,270,13.87,-1
2,3,36080,45.0531,7.65747,90,9.7,0.3
2,1,36233,45.0523,7.65486,270,6.92,-0.2
2,5,36347,45.0523,7.65677,270,13.88,0.1
2,1,36433,45.0523,7.65483,275.4,6.93,-0.4
2,7,36552,45.0531,7.6562,90,6.92,-1.2
2,3,36580,45.0531,7.65754,90,9.7,-1.2
2,1,36633,45.0523,7.65482,282.9,6.92,-1.1
2,5,36647,45.0523,7.65671,270,13.88,0.5
2,1,36833,45.0523,7.6548,291,6.93,-0.2
2,1,36933,45.0523,7.6548,295.1,6.93,0.9
2,5,36947,45.0523,7.65666,270,13.88,-0.2
2,1,37033,45.0523,7.65479,299.2,6.92,-0.6
2,3,37080,45.0531,7.6576,90,9.7,0
2,1,37133,45.0523,7.65478,303.6,6.92,-0.9
2,7,37152,45.0531,7.65625,90,6.92,-1
2,1,37233,45.0523,7.65478,303.6,6.92,0.3
2,5,37247,45.0523,7.65661,270,13.88,0.2
2,1,37333,45.0523,7.65477,303.6,6.93,1.6
2,1,37433,45.0523,7.65476,303.6,6.93,0.4
2,1,37533,45.0523,7.65476,303.6,6.93,1.5
2,5,37547,45.0523,7.65656,270,13.87,-0.3
2,3,37580,45.0531,7.65766,90,9.7,-1
2,7,37752,45.0531,7.6563,90,6.92,-0.3
2,5,37847,45.0523,7.6565,270,13.88,-0.2
2,3,38080,45.0531,7.65772,90,9.71,1.2
2,5,38147,45.0523,7.65645,270,13.87,-0.2
2,7,38352,45.0531,7.65635,90,6.92,0
2,5,38447,45.0523,7.6564,270,13.87,-1.3
2,3,38580,45.0531,7.65778,90,9.7,-0.9
2,6,38599,45.0532,7.65768,270,12.56,-9.9
2,6,38699,45.0532,7.65766,270,11.56,-9.9
2,5,38747,45.0523,7.65635,270,13.88,0.5
2,6,38799,45.0532,7.65765,270,10.56,-9.9
2,6,38899,45.0532,7.65764,270,9.56,-9.9
2,7,38952,45.0531,7.6564,90,6.92,0.1
2,6,38999,45.0532,7.65763,270,8.56,-9.9
2,5,39047,45.0523,7.6563,270,13.88,0.5
2,3,39080,45.0531,7.65784,90,9.71,0.7
2,6,39099,45.0532,7.65762,270,7.62,-4.1
2,6,39199,45.0532,7.65761,270,7.62,-0.2
2,6,39299,45.0532,7.6576,270,7.61,-0.4
2,5,39347,45.0523,7.65624,270,13.88,0
2,6,39399,45.0532,7.65759,270,7.63,0
2,7,39552,45.0531,7.65646,90,6.92,-0.5
2,3,39580,45.0531,7.6579,90,9.7,-1.4
2,5,39647,45.0523,7.65619,270,13.87,-0.3
2,5,39947,45.0523,7.65614,270,13.87,0
2,6,39999,45.0532,7.65753,270,7.63,1.2
2,0,40023,45.0531,7.65787,270,20.81,-1.8
2,0,40123,45.0531,7.65784,270,20.82,0.8
2,7,40152,45.0531,7.65651,90,6.92,-0.4
2,3,40180,45.0531,7.65798,99.2,9.7,-0.9
2,0,40223,45.0531,7.65781,270,20.81,-0.1
2,5,40247,45.0523,7.65609,270,13.87,-1.2
2,3,40280,45.0531,7.65799,104.6,9.71,0
2,0,40323,45.0531,7.65779,270,20.82,0.8
2,3,40380,45.0531,7.658,110.2,9.71,0
2,3,40480,45.0531,7.65801,115.9,9.7,-1.4
2,0,40523,45.0531,7.65774,270,20.82,0.3
2,5,40547,45.0523,7.65604,270,13.87,-0.1
2,3,40580,45.0531,7.65802,123.1,9.71,0.4
2,6,40599,45.0532,7.65747,270,7.62,0.3
2,3,40680,45.0531,7.65803,123.1,9.71,0.7
2,0,40723,45.0531,7.65768,270,20.81,-0.7
2,7,40752,45.0531,7.65656,90,6.92,0.1
2,3,40780,45.0531,7.65804,123.1,9.7,-0.2
2,5,40847,45.0523,7.65598,270,13.88,0.6
2,3,40880,45.0531,7.65805,123.1,9.7,0
2,0,40923,45.0531,7.65763,270,20.81,0.8
2,0,41123,45.0531,7.65758,270,20.81,0
2,5,41147,45.0523,7.65593,270,13.87,0.5
2,6,41199,45.0532,7.65742,270,7.62,-0.2
2,0,41323,45.0531,7.65753,270,20.82,0.3
2,7,41352,45.0531,7.65661,90,6.93,0.2
2,3,41380,45.053,7.65809,123.1,9.71,0.8
2,5,41447,45.0523,7.65588,270,13.87,-1.3
2,0,41523,45.0531,7.65747,270,20.81,0.3
2,0,41723,45.0531,7.65742,270,20.81,-1
2,5,41747,45.0523,7.65583,270,13.88,0.6
2,6,41799,45.0532,7.65736,270,7.61,-1.4
2,3,41880,45.053,7.65814,123.1,9.71,0.9
2,0,41923,45.0531,7.65737,270,20.81,0.2
2,7,41952,45.0531,7.65666,90,6.92,0.5
2,5,42047,45.0523,7.65578,270,13.87,0.2
2,0,42123,45.0531,7.65732,270,20.82,1.4
2,0,42323,45.0531,7.65727,270,20.81,-1.6
2,5,42347,45.0523,7.65572,270,13.88,0
2,3,42380,45.053,7.65819,123.1,9.71,0.6
2,6,42399,45.0532,7.6573,270,7.62,0.6
2,0,42523,45.0531,7.65721,270,20.82,1.5
2,7,42552,45.0531,7.65672,90,6.92,0.6
2,5,42647,45.0523,7.65567,270,13.87,0.2
2,0,42723,45.0531,7.65716,270,20.82,1.2
2,3,42880,45.053,7.65823,123.1,9.71,1.6
2,0,42923,45.0531,7.65711,270,20.82,1.6
2,5,42947,45.0523,7.65562,270,13.88,1.1
2,6,42999,45.0532,7.65724,270,7.61,-1.4
2,0,43123,45.0531,7.65706,270,20.81,-1.4
2,7,43152,45.0531,7.65677,90,6.92,-1.3
2,5,43247,45.0523,7.65557,270,13.87,-0.9
2,0,43323,45.0531,7.65701,270,20.81,0.6
2,3,43380,45.053,7.65828,123.1,9.71,-0.1
2,0,43523,45.0531,7.65695,270,20.82,0.2
2,5,43547,45.0523,7.65551,270,13.87,0.7
2,6,43599,45.0532,7.65719,270,7.62,0.6
2,0,43723,45.0531,7.6569,270,20.82,0.8
2,7,43752,45.0531,7.65682,90,6.93,-0.5
2,3,43780,45.0529,7.65831,127.5,9.71,0.4
2,5,43847,45.0523,7.65546,270,13.88,-0.2
2,3,43880,45.0529,7.65832,136.2,9.7,-1.6
2,0,43923,45.0531,7.65685,270,20.82,0.3
2,3,43980,45.0529,7.65832,145.5,9.7,-1.2
2,3,44080,45.0529,7.65832,154.8,9.71,0.1
2,0,44123,45.0531,7.6568,270,20.81,-1
2,5,44147,45.0523,7.65541,270,13.88,-0.2
2,3,44180,45.0529,7.65832,163.6,9.71,-0.2
2,6,44199,45.0532,7.65713,270,7.62,0.3
2,3,44280,45.0529,7.65833,168.6,9.7,0
2,0,44323,45.0531,7.65675,270,20.81,-0.9
2,7,44352,45.0531,7.65687,90,6.93,0.9
2,3,44380,45.0529,7.65833,168.6,9.71,1.2
2,3,44480,45.0529,7.65833,168.6,9.7,-0.1
2,0,44523,45.0531,7.65669,270,20.82,0
2,3,44580,45.0529,7.65833,168.6,9.71,-0.2
2,0,44723,45.0531,7.65664,270,20.81,-1.2
2,6,44799,45.0532,7.65707,270,7.63,0.2
2,0,44923,45.0531,7.65659,270,20.82,0.1
2,7,44952,45.0531,7.65692,90,6.92,-0.3
2,3,45080,45.0528,7.65834,168.6,9.7,-0.7
2,0,45123,45.0531,7.65654,270,20.82,0.8
2,0,45323,45.0531,7.65648,270,20.81,0.2
2,6,45399,45.0532,7.65702,270,7.62,0.5
2,0,45523,45.0531,7.65643,270,20.82,0.7
2,7,45552,45.0531,7.65698,90,6.93,1.1
2,3,45580,45.0528,7.65836,168.6,9.7,-0.2
2,0,45723,45.0531,7.65638,270,20.81,-1.1
2,0,45923,45.0531,7.65633,270,20.82,1.1
2,6,45999,45.0532,7.65696,270,7.61,-0.8
2,3,46080,45.0528,7.65837,168.6,9.71,0.2
2,0,46123,45.0531,7.65628,270,20.81,-1.1
2,7,46152,45.0531,7.65703,90,6.92,0.2
2,0,46323,45.0531,7.65622,270,20.81,0
2,3,46480,45.0527,7.65837,174.4,9.7,-0.8
2,0,46523,45.0531,7.65617,270,20.82,0.5
2,3,46580,45.0527,7.65837,178.5,9.71,-0.4
2,6,46599,45.0532,7.6569,270,7.61,-0.8
2,3,46680,45.0527,7.65837,182.6,9.71,-0.1
2,7,46752,45.0531,7.65708,90,6.93,-0.6
2,3,46780,45.0527,7.65837,186.6,9.7,-1.5
2,3,46880,45.0527,7.65836,189.4,9.7,0
2,3,46980,45.0527,7.65836,189.4,9.71,-0.3
2,3,47080,45.0527,7.65836,189.4,9.7,-1
2,6,47199,45.0532,7.65684,270,7.62,-0.5
2,7,47352,45.0531,7.65713,90,6.93,0.8
2,3,47580,45.0526,7.65835,189.4,9.7,-1.3
2,6,47799,45.0532,7.65679,270,7.62,-0.4
2,7,47952,45.0531,7.65718,90,6.92,-1.1
2,3,48080,45.0526,7.65835,189.4,9.7,-0.5
2,6,48399,45.0532,7.65673,270,7.62,0.4
2,7,48552,45.0531,7.65724,90,6.93,0.7
2,3,48580,45.0526,7.65834,189.4,9.7,0
2,6,48999,45.0532,7.65667,270,7.62,0.4
2,3,49080,45.0525,7.65833,189.4,9.71,1.5
2,7,49152,45.0531,7.65729,90,6.92,0.3
2,3,49580,45.0525,7.65831,195.9,9.71,0
2,6,49599,45.0532,7.65662,270,7.63,0
2,3,49680,45.0525,7.65831,205.1,9.71,0.5
2,7,49752,45.0531,7.65734,90,6.93,0.5
2,3,49780,45.0525,7.6583,214.7,9.71,0.1
2,3,49880,45.0525,7.65829,224.1,9.71,0
2,3,49980,45.0525,7.65828,233,9.71,0.2
2,3,50080,45.0525,7.65827,236.3,9.71,0.6
2,3,50180,45.0525,7.65826,236.3,9.71,1
2,3,50280,45.0525,7.65825,236.3,9.71,-0.8
2,7,50352,45.0531,7.65739,90,6.92,0.1
2,3,50780,45.0524,7.65821,236.3,9.71,0.8
2,7,50952,45.0531,7.65744,90,6.93,1
2,3,51280,45.0524,7.65816,236.3,9.71,0
2,7,51552,45.0531,7.6575,90,6.92,-0.4
2,3,51780,45.0524,7.65811,236.3,9.7,-0.6
2,7,52152,45.0531,7.65755,90,6.93,1.1
2,3,52280,45.0524,7.65807,236.3,9.71,1.6
2,7,52752,45.0531,7.6576,90,6.92,-0.8
2,3,52780,45.0523,7.65802,236.3,9.7,0.5
2,3,53280,45.0523,7.65796,243.5,9.7,0
2,7,53352,45.0531,7.65765,90,6.92,-1.5
2,3,53380,45.0523,7.65795,249.2,9.71,0.8
2,3,53480,45.0523,7.65794,254.9,9.71,0.4
2,3,53580,45.0523,7.65793,260.4,9.7,-0.2
2,3,53680,45.0523,7.65792,265.6,9.7,0.5
2,3,53780,45.0523,7.6579,270,9.7,-0.6
2,3,53880,45.0523,7.65789,270,9.71,0.1
2,7,53952,45.0531,7.6577,90,6.93,1.3
2,3,53980,45.0523,7.65788,270,9.71,1.5
2,3,54080,45.0523,7.65787,270,9.7,0
2,3,54180,45.0523,7.65786,270,9.7,-0.7
2,7,54552,45.0531,7.65776,90,6.93,1.2
2,3,54680,45.0523,7.65779,270,9.7,-0.9
2,7,55152,45.0531,7.65781,90,6.92,0.2
2,3,55180,45.0523,7.65773,270,9.7,-1.1
2,3,55680,45.0523,7.65767,270,9.7,-0.7
2,7,55752,45.0531,7.65786,90,6.93,1.1
2,3,56180,45.0523,7.65761,270,9.71,0.3
2,7,56352,45.0531,7.65791,90,6.93,1.2
2,3,56680,45.0523,7.65755,270,9.71,1.7
2,7,56952,45.0531,7.65797,95.8,6.92,-0.8
2,7,57152,45.0531,7.65799,103.3,6.92,-0.2
2,3,57180,45.0523,7.65749,270,9.7,-0.2
2,7,57352,45.0531,7.658,111.3,6.92,-1.8
2,7,57452,45.0531,7.65801,115.4,6.92,-0.7
2,7,57552,45.0531,7.65801,119.4,6.92,-1
2,7,57652,45.0531,7.65802,123.1,6.93,-0.6
2,3,57680,45.0523,7.65743,270,9.7,-0.2
2,7,57752,45.0531,7.65803,123.1,6.93,0.3
2,7,57852,45.0531,7.65803,123.1,6.92,-1.5
2,7,57952,45.0531,7.65804,123.1,6.93,1.2
2,3,58180,45.0523,7.65737,270,9.7,-0.9
2,7,58552,45.053,7.65808,123.1,6.93,0.1
2,3,58680,45.0523,7.65731,270,9.7,-0.3
2,7,59152,45.053,7.65812,123.1,6.93,0.8
2,3,59180,45.0523,7.65725,270,9.7,0
2,3,59680,45.0523,7.65719,270,9.71,1
2,7,59752,45.053,7.65816,123.1,6.93,-0.2
2,3,60180,45.0523,7.65713,270,9.7,-0.7
2,7,60352,45.053,7.6582,123.1,6.92,0.1
2,3,60680,45.0523,7.65707,270,9.7,-1.1
2,7,60952,45.053,7.65824,123.1,6.92,0.3
2,3,61180,45.0523,7.657,270,9.7,-0.3
2,7,61552,45.053,7.65828,123.1,6.92,0.3
2,3,61680,45.0523,7.65694,270,9.71,-0.1
2,7,62152,45.0529,7.65831,131.3,6.93,1.2
2,7,62252,45.0529,7.65832,137.7,6.93,0.7
2,7,62352,45.0529,7.65832,144.3,6.92,-1.7
2,7,62452,45.0529,7.65832,151,6.92,-0.3
2,7,62552,45.0529,7.65832,157.5,6.92,-0.5
2,7,62652,45.0529,7.65832,163.7,6.93,0
2,7,62752,45.0529,7.65832,168.6,6.93,1.4
2,7,62852,45.0529,7.65833,168.6,6.93,0.8
2,7,62952,45.0529,7.65833,168.6,6.93,0.7
2,7,63052,45.0529,7.65833,168.6,6.93,1.3
2,7,63652,45.0529,7.65834,168.6,6.93,0.9
2,7,64252,45.0528,7.65835,168.6,6.92,-0.7
2,7,64852,45.0528,7.65836,168.6,6.92,0.5
2,7,65452,45.0528,7.65837,168.6,6.93,0.1
2,0,187,45.0523,7.6569,90,20.82,0.7
2,7,316,45.0527,7.65837,173.8,6.92,-0.2
2,0,387,45.0523,7.65696,90,20.81,-0.1
2,7,516,45.0527,7.65837,179.6,6.93,1.4
2,0,587,45.0523,7.65701,90,20.81,-1.1
2,7,716,45.0527,7.65837,185.4,6.92,-1.4
2,0,787,45.0523,7.65706,90,20.81,-1.7
2,5,811,45.0531,7.65646,90,13.87,-1.2
2,7,916,45.0527,7.65836,189.4,6.93,0.5
2,0,987,45.0523,7.65711,90,20.81,-0.4
2,5,1111,45.0531,7.65652,90,13.87,0.3
2,7,1116,45.0527,7.65836,189.4,6.93,0.8
2,0,1187,45.0523,7.65717,90,20.81,0.2
2,7,1316,45.0527,7.65836,189.4,6.93,-0.4
2,0,1387,45.0523,7.65722,90,20.81,-0.3
2,5,1411,45.0531,7.65657,90,13.88,-0.1
2,0,1587,45.0523,7.65727,90,20.81,0.3
2,5,1711,45.0531,7.65662,90,13.88,-0.3
2,0,1787,45.0523,7.65732,90,20.81,0.5
2,7,1916,45.0526,7.65835,189.4,6.93,0.7
2,0,1987,45.0523,7.65737,90,20.81,0
2,5,2011,45.0531,7.65667,90,13.88,0.1
2,0,2187,45.0523,7.65743,90,20.81,-1.1
2,5,2311,45.0531,7.65672,90,13.88,0.8
2,0,2387,45.0523,7.65748,90,20.82,0.5
2,7,2516,45.0526,7.65835,189.4,6.93,0.8
2,0,2587,45.0523,7.65753,90,20.81,-0.9
2,5,2611,45.0531,7.65678,90,13.87,-1.3
2,0,2787,45.0523,7.65758,90,20.81,-0.3
2,5,2911,45.0531,7.65683,90,13.87,-0.8
2,0,2987,45.0523,7.65763,90,20.82,0
2,7,3116,45.0526,7.65834,189.4,6.93,-0.2
2,0,3187,45.0523,7.65769,90,20.82,0
2,5,3211,45.0531,7.65688,90,13.88,1.9
2,0,3387,45.0523,7.65774,90,20.82,0.7
2,1,3497,45.0531,7.65606,90,6.92,-0.9
2,5,3511,45.0531,7.65693,90,13.88,0.7
2,0,3587,45.0523,7.65779,90,20.81,-0.2
2,7,3716,45.0525,7.65833,189.4,6.92,0.1
2,0,3787,45.0523,7.65784,90,20.81,-1.1
2,5,3811,45.0531,7.65699,90,13.87,-0.7
2,0,3987,45.0523,7.65789,90,20.82,0.8
2,1,4097,45.0531,7.65612,90,6.92,-1
2,5,4111,45.0531,7.65704,90,13.87,-0.8
2,0,4187,45.0523,7.65795,90,20.81,0
2,7,4316,45.0525,7.65832,189.4,6.92,-1.4
2,0,4387,45.0523,7.65805,77.3,20.81,-1.1
2,5,4411,45.0531,7.65709,90,13.87,0
2,0,4487,45.0523,7.65807,70.8,20.82,0
2,0,4587,45.0523,7.65809,64.4,20.82,-0.1
2,0,4687,45.0523,7.65811,56.3,20.81,-1.2
2,1,4697,45.0531,7.65617,90,6.92,-1.4
2,5,4711,45.0531,7.65714,90,13.88,0.8
2,7,4716,45.0525,7.65831,198.2,6.93,0.9
2,0,4787,45.0523,7.65813,56.3,20.81,0.2
2,7,4816,45.0525,7.65831,204.8,6.92,-0.8
2,0,4887,45.0523,7.65816,56.3,20.82,1.2
2,7,4916,45.0525,7.6583,211.7,6.93,0.3
2,0,4987,45.0524,7.65818,56.3,20.81,-1
2,5,5011,45.0531,7.65719,90,13.87,-1.1
2,7,5016,45.0525,7.65829,218.5,6.93,0.4
2,7,5116,45.0525,7.65829,225.2,6.92,0.5
2,0,5187,45.0524,7.65825,56.3,20.81,-1.3
2,7,5216,45.0525,7.65828,231.6,6.92,-1.1
2,1,5297,45.0531,7.65622,90,6.92,-0.4
2,5,5311,45.0531,7.65725,90,13.87,-1.3
2,7,5316,45.0525,7.65827,236.3,6.93,0.3
2,0,5387,45.0524,7.6583,56.3,20.82,0.7
2,7,5416,45.0525,7.65827,236.3,6.92,0.3
2,7,5516,45.0525,7.65826,236.3,6.92,0.5
2,0,5587,45.0524,7.65834,56.3,20.82,0.9
2,5,5611,45.0531,7.6573,90,13.88,0.1
2,7,5616,45.0525,7.65825,236.3,6.92,-0.6
2,0,5787,45.0524,7.65839,56.3,20.81,-1.3
2,1,5897,45.0531,7.65627,90,6.92,0
2,5,5911,45.0531,7.65735,90,13.87,-0.5
2,0,5987,45.0525,7.65843,52.5,20.82,0.5
2,0,6087,45.0525,7.65843,37.4,20.81,-0.9
2,0,6187,45.0525,7.65844,21.7,20.81,0.3
2,5,6211,45.0531,7.6574,90,13.88,0.5
2,7,6216,45.0524,7.65821,236.3,6.92,-0.2
2,0,6287,45.0525,7.65844,9.4,20.82,0.2
2,0,6387,45.0525,7.65844,9.4,20.81,-0.1
2,0,6487,45.0525,7.65845,9.4,20.82,0.9
2,1,6497,45.0531,7.65632,90,6.93,0
2,5,6511,45.0531,7.65745,90,13.87,-0.3
2,0,6587,45.0526,7.65845,9.4,20.82,1.8
2,0,6787,45.0526,7.65846,9.4,20.81,-1.2
2,5,6811,45.0531,7.65751,90,13.87,0.2
2,7,6816,45.0524,7.65818,236.3,6.93,-0.6
2,0,6987,45.0526,7.65847,9.4,20.81,-0.1
2,1,7097,45.0531,7.65638,90,6.92,0.1
2,5,7111,45.0531,7.65756,90,13.88,0.4
2,0,7187,45.0527,7.65848,9.4,20.81,0
2,0,7387,45.0527,7.65849,9.4,20.81,-1.2
2,5,7411,45.0531,7.65761,90,13.88,0.4
2,7,7416,45.0524,7.65814,236.3,6.92,-0.8
2,0,7587,45.0528,7.65848,2.7,20.81,-0.6
2,0,7687,45.0528,7.65848,356,20.82,0.8
2,1,7697,45.0531,7.65643,90,6.92,-0.6
2,5,7711,45.0531,7.65766,90,13.87,-1.4
2,0,7787,45.0528,7.65847,349.3,20.82,-0.9
2,0,7887,45.0528,7.65847,348.6,20.81,-1.3
2,0,7987,45.0528,7.65846,348.6,20.82,0.1
2,5,8011,45.0531,7.65772,90,13.88,0.4
2,7,8016,45.0524,7.6581,236.3,6.93,0
2,0,8087,45.0529,7.65845,348.6,20.82,0.6
2,0,8287,45.0529,7.65844,348.6,20.82,0.7
2,1,8297,45.0531,7.65648,90,6.93,0.5
2,5,8311,45.0531,7.65777,90,13.88,-0.1
2,0,8487,45.0529,7.65843,348.6,20.81,-0.5
2,5,8611,45.0531,7.65782,90,13.88,-0.1
2,7,8616,45.0524,7.65806,236.3,6.92,0
2,0,8687,45.053,7.65842,348.6,20.82,0.9
2,0,8887,45.053,7.65839,333.7,20.81,-0.7
2,1,8897,45.0531,7.65653,90,6.92,-1.2
2,5,8911,45.0531,7.65787,90,13.87,0.4
2,0,8987,45.053,7.65837,318.4,20.81,-0.8
2,0,9087,45.053,7.65834,304,20.81,-0.2
2,0,9187,45.053,7.65832,303,20.81,-1.3
2,5,9211,45.0531,7.65792,90,13.88,0.9
2,7,9216,45.0523,7.65802,236.3,6.92,-1
2,0,9287,45.053,7.6583,303,20.82,0.4
2,0,9387,45.0531,7.65827,303,20.81,-1.7
2,1,9497,45.0531,7.65658,90,6.92,-0.9
2,5,9511,45.0531,7.65798,100.6,13.88,0.7
2,0,9587,45.0531,7.65823,303,20.82,0.1
2,5,9611,45.0531,7.658,108.5,13.87,-1.5
2,6,9663,45.0522,7.65612,90,15.25,0.3
2,5,9711,45.0531,7.65801,116.6,13.88,1.2
2,0,9787,45.0531,7.65818,303,20.82,0
2,5,9811,45.0531,7.65802,123.1,13.88,1.2
2,7,9816,45.0523,7.65797,241.5,6.93,1.5
2,5,9911,45.0531,7.65804,123.1,13.87,-0.3
2,7,9916,45.0523,7.65796,245.6,6.92,-0.1
2,6,9963,45.0522,7.65618,90,15.26,0.6
2,0,9987,45.0531,7.65813,303,20.81,-1
2,5,10011,45.0531,7.65805,123.1,13.88,0
2,7,10016,45.0523,7.65795,249.7,6.92,0.1
2,1,10097,45.0531,7.65664,90,6.93,1.4
2,5,10111,45.0531,7.65806,123.1,13.88,1.1
2,7,10116,45.0523,7.65794,253.8,6.93,0.7
2,0,10187,45.0531,7.65809,303,20.81,-0.9
2,7,10216,45.0523,7.65793,257.8,6.93,0.6
2,6,10263,45.0522,7.65623,90,15.25,0.9
2,7,10316,45.0523,7.65793,261.6,6.93,0
2,0,10387,45.0532,7.65804,303,20.81,-1.7
2,5,10411,45.053,7.6581,123.1,13.88,-0.3
2,7,10416,45.0523,7.65792,265.3,6.92,-0.9
2,0,10487,45.0532,7.65794,292.4,20.81,-0.1
2,7,10516,45.0523,7.65791,270,6.92,-0.2
2,6,10563,45.0522,7.65629,90,15.25,-1.2
2,0,10587,45.0532,7.65791,286.9,20.82,0.6
2,7,10616,45.0523,7.6579,270,6.93,-0.3
2,0,10687,45.0532,7.65789,281.2,20.81,-0.4
2,1,10697,45.0531,7.65669,90,6.93,1.5
2,5,10711,45.053,7.65814,123.1,13.88,0.6
2,7,10716,45.0523,7.65789,270,6.92,-1.3
2,0,10787,45.0532,7.65786,270,20.81,0.2
2,7,10816,45.0523,7.65788,270,6.92,-0.7
2,6,10863,45.0522,7.65635,90,15.26,0.7
2,0,10887,45.0532,7.65784,270,20.82,1.3
2,0,10987,45.0532,7.65781,270,20.81,0
2,5,11011,45.053,7.65818,123.1,13.88,0.2
2,0,11087,45.0532,7.65778,270,20.82,-0.3
2,6,11163,45.0522,7.6564,90,15.25,-0.9
2,0,11287,45.0532,7.65773,270,20.82,0
2,1,11297,45.0531,7.65674,90,6.92,0.4
2,5,11311,45.053,7.65822,123.1,13.87,-0.5
2,7,11416,45.0523,7.65783,270,6.93,1.4
2,6,11463,45.0522,7.65646,90,15.25,-1.4
2,0,11487,45.0532,7.65768,270,20.43,-4.1
2,5,11611,45.053,7.65826,123.1,13.88,1.5
2,0,11687,45.0532,7.65763,270,19.56,-4
2,6,11763,45.0522,7.65652,90,15.26,0.7
2,0,11887,45.0532,7.65758,270,18.73,-2.4
2,1,11897,45.0531,7.65679,90,6.92,0
2,5,11911,45.0529,7.6583,123.1,13.88,1
2,5,12011,45.0529,7.65831,127.5,13.88,0
2,7,12016,45.0523,7.65778,270,6.93,0.2
2,6,12063,45.0522,7.65658,90,15.26,-0.7
2,0,12087,45.0532,7.65754,270,17.9,-4.2
2,5,12111,45.0529,7.65832,140.2,13.87,0.2
2,5,12211,45.0529,7.65832,153.5,13.87,-0.2
2,0,12287,45.0532,7.65749,270,17.08,-5.7
2,5,12311,45.0529,7.65832,166,13.87,-0.8
2,6,12363,45.0522,7.65663,90,15.25,-0.8
2,5,12411,45.0529,7.65833,168.6,13.88,0.2
2,0,12487,45.0532,7.65745,270,16.31,-3.6
2,1,12497,45.0531,7.65684,90,6.92,-0.9
2,5,12511,45.0529,7.65833,168.6,13.88,-0.7
2,5,12611,45.0529,7.65833,168.6,13.87,-1.2
2,7,12616,45.0523,7.65773,270,6.93,0.1
2,6,12663,45.0522,7.65669,90,15.25,-0.2
2,0,12687,45.0532,7.65741,270,15.56,-2.8
2,0,12887,45.0531,7.65737,270,15.24,3.1
2,5,12911,45.0528,7.65834,168.6,13.88,-0.1
2,6,12963,45.0522,7.65675,90,15.26,1.1
2,0,13087,45.0531,7.65733,270,15.8,2.1
2,1,13097,45.0531,7.6569,90,6.92,-0.2
2,5,13211,45.0528,7.65835,168.6,13.88,-0.2
2,7,13216,45.0523,7.65767,270,6.93,0.9
2,6,13263,45.0522,7.65681,90,15.26,0.6
2,0,13287,45.0531,7.65729,270,16.37,2.6
2,0,13487,45.0531,7.65725,270,16.99,3
2,5,13511,45.0528,7.65836,168.6,13.87,0.1
2,6,13563,45.0522,7.65686,90,15.25,-1.4
2,0,13687,45.0531,7.65721,270,17.61,3.1
2,1,13697,45.0531,7.65695,90,6.93,0.5
2,5,13811,45.0527,7.65837,169.3,13.88,1
2,7,13816,45.0523,7.65762,270,6.93,0
2,6,13863,45.0522,7.65692,90,15.26,1
2,0,13887,45.0531,7.65716,270,18.21,2.2
2,5,13911,45.0527,7.65837,175.1,13.87,-0.2
2,5,14011,45.0527,7.65837,180.9,13.88,1.7
2,0,14087,45.0531,7.65712,270,18.8,2.8
2,5,14111,45.0527,7.65837,186.7,13.88,0.9
2,6,14163,45.0522,7.65698,90,15.25,-1.2
2,5,14211,45.0527,7.65836,189.4,13.88,-0.8
2,0,14287,45.0531,7.65707,270,19.41,3.8
2,1,14297,45.0531,7.657,90,6.92,-0.6
2,5,14311,45.0527,7.65836,189.4,13.88,0.9
2,5,14411,45.0527,7.65836,189.4,13.88,1.1
2,7,14416,45.0523,7.65757,270,6.92,0
2,6,14463,45.0522,7.65703,90,15.25,-1.5
2,0,14487,45.0531,7.65702,270,20.02,3.4
2,0,14687,45.0531,7.65697,270,20.65,2.7
2,5,14711,45.0526,7.65835,189.4,13.88,0.1
2,6,14763,45.0522,7.65709,90,15.26,0
2,0,14887,45.0531,7.65692,270,20.81,-1.3
2,1,14897,45.0531,7.65705,90,6.93,1.5
2,5,15011,45.0526,7.65835,189.4,13.88,0.2
2,7,15016,45.0523,7.65752,270,6.93,0.2
2,6,15063,45.0522,7.65715,90,15.25,-0.1
2,0,15087,45.0531,7.65687,270,20.82,1.7
2,0,15287,45.0531,7.65681,270,20.82,1.1
2,5,15311,45.0526,7.65834,189.4,13.87,-0.5
2,6,15363,45.0522,7.65721,90,15.25,0.2
2,0,15487,45.0531,7.65676,270,20.82,0.7
2,1,15497,45.0531,7.6571,90,6.93,1
2,7,15616,45.0523,7.65747,270,6.93,0.9
2,6,15663,45.0522,7.65726,90,15.26,0.3
2,0,15687,45.0531,7.65671,270,20.81,-0.1
2,0,15887,45.0531,7.65666,270,20.82,0.4
2,6,15963,45.0522,7.65732,90,15.25,-1
2,0,16087,45.0531,7.6566,270,20.81,-0.4
2,1,16097,45.0531,7.65716,90,6.93,-0.1
2,7,16216,45.0523,7.65741,270,6.92,0
2,6,16263,45.0522,7.65738,90,15.26,0.5
2,0,16287,45.0531,7.65655,270,20.81,-1.2
2,0,16487,45.0531,7.6565,270,20.81,-0.3
2,6,16563,45.0522,7.65744,90,15.25,-1
2,0,16687,45.0531,7.65645,270,20.81,-1.8
2,1,16697,45.0531,7.65721,90,6.92,0.3
2,7,16816,45.0523,7.65736,270,6.93,-0.1
2,6,16863,45.0522,7.65749,90,15.25,0
2,0,16887,45.0531,7.6564,270,20.82,0
2,0,17087,45.0531,7.65634,270,20.82,0.2
2,6,17163,45.0522,7.65755,90,15.25,-0.8
2,0,17287,45.0531,7.65629,270,20.82,0
2,1,17297,45.0531,7.65726,90,6.93,0.2
2,7,17416,45.0523,7.65731,270,6.93,1.3
2,6,17463,45.0522,7.65761,90,15.25,-1.3
2,0,17487,45.0531,7.65624,270,20.82,0.4
2,0,17687,45.0531,7.65619,270,20.81,-0.7
2,6,17763,45.0522,7.65766,90,15.26,0.1
2,0,17887,45.0531,7.65614,270,20.81,-0.7
2,1,17897,45.0531,7.65731,90,6.93,0.4
2,7,18016,45.0523,7.65726,270,6.92,0
2,6,18063,45.0522,7.65772,90,15.25,-0.9
2,0,18087,45.0531,7.65608,270,20.81,-1
2,0,18287,45.0531,7.65603,270,20.82,0.2
2,6,18363,45.0522,7.65778,90,15.25,-0.9
2,0,18487,45.0531,7.65598,270,20.81,-0.1
2,1,18497,45.0531,7.65736,90,6.93,1.1
2,7,18616,45.0523,7.65721,270,6.92,0
2,0,18687,45.0531,7.65593,270,20.82,-0.5
2,0,18887,45.0531,7.65588,270,20.82,1.1
2,5,18911,45.0523,7.65792,263.7,13.88,0.9
2,5,19011,45.0523,7.6579,270,13.87,-1
2,0,19087,45.0531,7.65582,270,20.82,0.1
2,1,19097,45.0531,7.65742,90,6.93,-0.5
2,5,19111,45.0523,7.65789,270,13.87,-0.1
2,5,19211,45.0523,7.65787,270,13.87,0.5
2,7,19216,45.0523,7.65715,270,6.93,0.7
2,0,19287,45.0531,7.65577,270,20.82,-0.4
2,5,19311,45.0523,7.65785,270,13.87,-0.6
2,0,19487,45.0531,7.65572,270,20.81,0
2,5,19611,45.0523,7.6578,270,13.87,0.5
2,0,19687,45.0531,7.65567,270,20.82,0.6
2,1,19697,45.0531,7.65747,90,6.93,-0.3
2,7,19816,45.0523,7.6571,270,6.92,-0.9
2,0,19887,45.0531,7.65561,270,20.81,-0.2
2,5,19911,45.0523,7.65775,270,13.87,0
2,0,20087,45.0531,7.65556,270,20.82,0.8
2,5,20211,45.0523,7.65769,270,13.88,1.7
2,0,20287,45.0531,7.65551,270,20.82,-0.3
2,1,20297,45.0531,7.65752,90,6.92,-0.7
2,7,20416,45.0523,7.65705,270,6.93,0.8
2,0,20487,45.0531,7.65546,270,20.81,-1
2,5,20511,45.0523,7.65764,270,13.88,0.7
2,0,20687,45.0531,7.65541,270,20.81,-0.5
2,5,20811,45.0523,7.65759,270,13.88,0
2,0,20887,45.0531,7.65535,270,20.82,0.3
2,1,20897,45.0531,7.65757,90,6.93,0.1
2,7,21016,45.0523,7.657,270,6.92,-0.8
2,0,21087,45.0531,7.6553,270,20.81,-1.7
2,5,21111,45.0523,7.65754,270,13.88,1.4
2,0,21287,45.0531,7.65525,270,20.82,0.9
2,5,21411,45.0523,7.65749,270,13.88,-0.4
2,0,21487,45.0531,7.6552,270,20.81,0.6
2,1,21497,45.0531,7.65762,90,6.93,0.5
2,7,21616,45.0523,7.65695,270,6.93,0.2
2,0,21687,45.0531,7.65515,270,20.81,-0.9
2,5,21711,45.0523,7.65743,270,13.87,-0.6
2,0,21887,45.0531,7.65509,270,20.82,0.3
2,5,22011,45.0523,7.65738,270,13.87,-0.7
2,0,22087,45.0531,7.65504,270,20.81,0.4
2,1,22097,45.0531,7.65768,90,6.93,-0.6
2,7,22216,45.0523,7.65689,270,6.92,-0.4
2,0,22287,45.0531,7.65499,270,20.81,-1
2,5,22311,45.0523,7.65733,270,13.88,-0.1
2,0,22487,45.0531,7.65494,270,20.82,1.3
2,5,22611,45.0523,7.65728,270,13.87,0
2,0,22687,45.0531,7.65489,270,20.81,0.6
2,1,22697,45.0531,7.65773,90,6.92,0.3
2,7,22816,45.0523,7.65684,270,6.92,-1.1
2,0,22887,45.0531,7.65483,270,20.81,0
2,5,22911,45.0523,7.65723,270,13.88,0
2,0,22987,45.0531,7.65476,258.6,20.82,0.3
2,0,23087,45.0531,7.65474,252.2,20.82,1.1
2,0,23187,45.0531,7.65471,245.8,20.81,0
2,5,23211,45.0523,7.65717,270,13.8,-3.8
2,0,23287,45.0531,7.65469,236.9,20.82,-0.4
2,1,23297,45.0531,7.65778,90,6.92,-0.5
2,0,23387,45.0531,7.65467,236.9,20.82,0
2,7,23416,45.0523,7.65679,270,6.93,0
2,0,23487,45.053,7.65465,236.9,20.82,0.7
2,5,23511,45.0523,7.65712,270,13.1,-2.6
2,5,23811,45.0523,7.65708,270,12.44,-3.3
2,1,23897,45.0531,7.65783,90,6.93,0.4
2,7,24016,45.0523,7.65674,270,6.93,0.7
2,5,24111,45.0523,7.65703,270,11.86,-2
2,3,24344,45.053,7.65461,56.8,9.71,0.5
2,5,24411,45.0523,7.65699,270,11.3,-2.2
2,1,24497,45.0531,7.65788,90,6.92,-1.2
2,7,24616,45.0523,7.65669,270,6.92,-0.3
2,5,24711,45.0523,7.65694,270,10.8,-2
2,3,24844,45.053,7.65466,56.8,9.7,-0.2
2,5,25011,45.0523,7.6569,270,11.41,2.2
2,1,25097,45.0531,7.65794,90,6.93,1.1
2,5,25211,45.0523,7.65687,270,12,2.5
2,7,25216,45.0523,7.65663,270,6.92,-0.8
2,3,25344,45.053,7.6547,56.8,9.7,0.2
2,5,25411,45.0523,7.65684,270,12.59,3
2,5,25611,45.0523,7.65681,270,13.17,3.1
2,5,25811,45.0523,7.65678,270,13.72,3
2,7,25816,45.0523,7.65658,270,6.93,0.6
2,3,25844,45.053,7.65475,56.8,9.7,-0.7
2,5,26011,45.0523,7.65674,270,13.87,-0.7
2,5,26211,45.0523,7.65671,270,13.88,1
2,3,26344,45.053,7.6548,56.8,9.7,-1.1
2,5,26411,45.0523,7.65667,270,13.88,1.1
2,7,26416,45.0523,7.65653,270,6.93,0
2,5,26611,45.0523,7.65664,270,13.87,-1.1
2,3,26644,45.0531,7.65484,63.6,9.7,-0.1
2,3,26744,45.0531,7.65485,69.3,9.71,0.8
2,5,26811,45.0523,7.6566,270,13.87,0.1
2,3,26844,45.0531,7.65486,74.9,9.71,0
2,3,26944,45.0531,7.65487,80.3,9.7,0.2
2,7,27016,45.0523,7.65648,270,6.92,-1.1
2,3,27044,45.0531,7.65488,85.5,9.71,0.1
2,5,27111,45.0523,7.65655,270,13.88,1.5
2,3,27144,45.0531,7.6549,90,9.7,-0.3
2,3,27244,45.0531,7.65491,90,9.71,0.2
2,3,27344,45.0531,7.65492,90,9.7,0
2,5,27411,45.0523,7.6565,270,13.88,1
2,3,27444,45.0531,7.65493,90,9.71,-0.9
2,7,27616,45.0523,7.65643,270,6.92,0
2,5,27711,45.0523,7.65645,270,13.87,-0.4
2,3,27944,45.0531,7.65499,90,9.71,0.2
2,5,28011,45.0523,7.6564,270,13.88,-0.3
2,0,28187,45.0523,7.6546,123.6,20.81,0.3
2,7,28216,45.0523,7.65637,270,6.92,-1.1
2,5,28311,45.0523,7.65634,270,13.88,-0.2
2,0,28387,45.0523,7.65465,123.6,20.81,0
2,3,28444,45.0531,7.65506,90,9.71,1.4
2,0,28587,45.0523,7.65469,123.6,20.81,-0.9
2,5,28611,45.0523,7.65629,270,13.88,0
2,0,28787,45.0523,7.65474,123.6,20.81,-1.3
2,7,28816,45.0523,7.65632,270,6.93,0
2,5,28911,45.0523,7.65624,270,13.88,0.8
2,3,28944,45.0531,7.65512,90,9.71,0.2
2,0,28987,45.0523,7.65478,123.6,20.81,-0.4
2,0,29087,45.0522,7.65486,114.5,20.82,0.2
2,0,29187,45.0522,7.65488,108.1,20.82,0
2,5,29211,45.0523,7.65619,270,13.88,0.2
2,0,29287,45.0522,7.65491,101.6,20.82,0.6
2,0,29387,45.0522,7.65494,90,20.81,0
2,7,29416,45.0523,7.65627,270,6.93,1
2,3,29444,45.0531,7.65518,90,9.71,0.3
2,0,29487,45.0522,7.65496,90,20.81,-0.7
2,5,29511,45.0523,7.65614,270,13.87,-1.8
2,0,29587,45.0522,7.65499,90,20.81,-1.6
2,0,29687,45.0522,7.65501,90,20.82,-0.5
2,5,29811,45.0523,7.65608,270,13.88,1.7
2,0,29887,45.0522,7.65507,90,20.82,1.4
2,3,29944,45.0531,7.65524,90,9.7,0.1
2,7,30016,45.0523,7.65622,270,6.93,0
2,0,30087,45.0522,7.65512,90,20.81,-0.3
2,5,30111,45.0523,7.65603,270,13.88,0
2,0,30287,45.0522,7.65517,90,20.81,-0.7
2,5,30411,45.0523,7.65598,270,13.87,0.4
2,3,30444,45.0531,7.6553,90,9.7,-1.3
2,0,30487,45.0522,7.65522,90,20.82,0.1
2,7,30616,45.0523,7.65617,270,6.92,-0.7
2,0,30687,45.0522,7.65527,90,20.82,0
2,5,30711,45.0523,7.65593,270,13.88,-0.1
2,0,30887,45.0522,7.65533,90,20.81,0.4
2,3,30944,45.0531,7.65536,90,9.71,0.5
2,5,31011,45.0523,7.65588,270,13.87,-1.4
2,0,31087,45.0522,7.65538,90,20.81,0.3
2,7,31216,45.0523,7.65611,270,6.92,-1.3
2,0,31287,45.0522,7.65543,90,20.82,0.3
2,5,31311,45.0523,7.65582,270,13.88,0
2,6,31363,45.0531,7.65731,270,15.26,0.5
2,3,31444,45.0531,7.65542,90,9.71,0.2
2,0,31487,45.0522,7.65548,90,20.82,1.3
2,5,31611,45.0523,7.65577,270,13.88,0.9
2,6,31663,45.0531,7.65726,270,15.25,-0.1
2,0,31687,45.0522,7.65553,90,20.82,1.3
2,7,31816,45.0523,7.65606,270,6.93,-0.2
2,0,31887,45.0522,7.65559,90,20.81,-0.3
2,5,31911,45.0523,7.65572,270,13.88,0.9
2,3,31944,45.0531,7.65548,90,9.71,0.9
2,6,31963,45.0531,7.6572,270,15.26,1.4
2,0,32087,45.0522,7.65564,90,20.81,-1.3
2,5,32211,45.0523,7.65567,270,13.88,0.6
2,6,32263,45.0531,7.65714,270,15.25,0.1
2,0,32287,45.0522,7.65569,90,20.82,0.3
2,7,32416,45.0523,7.65601,270,6.92,-1.2
2,3,32444,45.0531,7.65554,90,9.7,-0.2
2,0,32487,45.0522,7.65574,90,20.81,-0.4
2,5,32511,45.0523,7.65561,270,13.88,0
2,6,32563,45.0531,7.65708,270,15.25,-0.2
2,0,32687,45.0522,7.65579,90,20.81,0.2
2,5,32811,45.0523,7.65556,270,13.87,-1.7
2,6,32863,45.0531,7.65703,270,15.25,0
2,0,32887,45.0522,7.65585,90,20.82,1.5
2,3,32944,45.0531,7.6556,90,9.7,-1.5
2,7,33016,45.0523,7.65596,270,6.93,-0.4
2,0,33087,45.0522,7.6559,90,20.81,-0.1
2,5,33111,45.0523,7.65551,270,13.87,-0.4
2,6,33163,45.0531,7.65697,270,15.25,-0.8
2,0,33287,45.0522,7.65595,90,20.82,0.9
2,5,33411,45.0523,7.65546,270,13.88,0.2
2,3,33444,45.0531,7.65566,90,9.71,0
2,6,33463,45.0531,7.65691,270,15.25,0.4
2,0,33487,45.0522,7.656,90,20.81,0.4
2,7,33616,45.0523,7.65591,270,6.92,-1
2,0,33687,45.0522,7.65606,90,20.82,1.2
2,5,33711,45.0523,7.65541,270,13.88,0
2,6,33763,45.0531,7.65685,270,15.25,-1.6
2,0,33887,45.0523,7.65611,90,20.82,1.7
2,3,33944,45.0531,7.65572,90,9.71,1.5
2,5,34011,45.0523,7.65535,270,13.87,-0.6
2,6,34063,45.0531,7.6568,270,15.25,-0.8
2,0,34087,45.0523,7.65616,90,20.81,-0.6
2,7,34216,45.0523,7.65585,270,6.93,1.5
2,0,34287,45.0523,7.65621,90,20.81,-0.6
2,5,34311,45.0523,7.6553,270,13.87,-1.4
2,6,34363,45.0531,7.65674,270,15.25,0
2,3,34444,45.0531,7.65578,90,9.71,1
2,0,34487,45.0523,7.65626,90,20.81,0
2,5,34611,45.0523,7.65525,270,13.88,0.4
2,6,34663,45.0531,7.65668,270,15.25,-1.2
2,0,34687,45.0523,7.65632,90,20.82,-0.2
2,7,34816,45.0523,7.6558,270,6.92,-1.1
2,0,34887,45.0523,7.65637,90,20.82,-0.4
2,5,34911,45.0523,7.6552,270,13.88,0.9
2,3,34944,45.0531,7.65585,90,9.71,-0.1
2,6,34963,45.0531,7.65663,270,15.25,-0.8
2,5,35211,45.0523,7.65515,270,13.88,1.1
2,6,35263,45.0531,7.65657,270,15.25,-0.5
2,7,35416,45.0523,7.65575,270,6.93,0.4
2,3,35444,45.0531,7.65591,90,9.71,0.8
2,5,35511,45.0523,7.65509,270,13.88,0.6
2,6,35563,45.0531,7.65651,270,15.25,0
2,5,35811,45.0523,7.65504,270,13.88,0.3
2,6,35863,45.0531,7.65645,270,15.26,0
2,3,35944,45.0531,7.65597,90,9.71,0.1
2,7,36016,45.0523,7.6557,270,6.93,0.5
2,5,36111,45.0523,7.65499,270,13.87,0.1
2,6,36163,45.0531,7.6564,270,15.25,0
2,5,36411,45.0523,7.65494,270,13.88,1.2
2,3,36444,45.0531,7.65603,90,9.71,0.4
2,6,36463,45.0531,7.65634,270,15.26,0
2,7,36616,45.0523,7.65565,270,6.93,-0.2
2,5,36711,45.0523,7.65488,270,13.88,0
2,6,36763,45.0531,7.65628,270,15.25,0.5
2,3,36944,45.0531,7.65609,90,9.71,0.4
2,5,37011,45.0523,7.65482,278.1,13.88,0.2
2,6,37063,45.0531,7.65622,270,15.25,-0.7
2,5,37111,45.0523,7.65481,285.9,13.88,-0.2
2,5,37211,45.0523,7.6548,294.1,13.88,0.1
2,7,37216,45.0523,7.65559,270,6.92,-1
2,5,37311,45.0523,7.65479,303.6,13.88,-0.2
2,6,37363,45.0531,7.65617,270,15.26,0.5
2,5,37411,45.0523,7.65477,303.6,13.88,0.9
2,3,37444,45.0531,7.65615,90,9.7,0
2,5,37511,45.0523,7.65476,303.6,13.88,0.5
2,5,37611,45.0523,7.65475,303.6,13.87,-1.2
2,6,37663,45.0531,7.65611,270,15.25,-0.5
2,7,37816,45.0523,7.65554,270,6.92,-0.8
2,5,37911,45.0524,7.65471,303.6,13.87,0.3
2,3,37944,45.0531,7.65621,90,9.7,-1.1
2,6,37963,45.0531,7.65605,270,15.25,-1.5
2,5,38211,45.0524,7.65467,303.6,13.87,0.1
2,6,38263,45.0531,7.65599,270,15.26,1.6
2,7,38416,45.0523,7.65549,270,6.93,1.2
2,3,38444,45.0531,7.65627,90,9.7,-0.1
2,5,38511,45.0524,7.65463,303.6,13.87,-0.4
2,6,38563,45.0531,7.65594,270,15.26,0.8
2,5,38811,45.0524,7.65459,303.6,13.88,0.2
2,6,38863,45.0531,7.65588,270,15.25,0.9
2,3,38944,45.0531,7.65633,90,9.7,0
2,7,39016,45.0523,7.65544,270,6.93,1.6
2,5,39111,45.0524,7.65455,303.6,13.87,-0.4
2,6,39163,45.0531,7.65582,270,15.25,-0.8
2,5,39411,45.0524,7.65451,303.6,13.87,-1
2,3,39444,45.0531,7.65639,90,9.7,-0.3
2,6,39463,45.0531,7.65577,270,15.25,-1.7
2,5,39611,45.0525,7.65449,314.8,13.88,-0.1
2,7,39616,45.0523,7.65538,270,6.93,0.6
2,5,39711,45.0525,7.65449,328.4,13.87,-1
2,6,39763,45.0531,7.65571,270,15.25,-1.2
2,5,39811,45.0525,7.65448,341.9,13.88,-0.3
2,5,39911,45.0525,7.65448,350.5,13.88,-0.8
2,5,40011,45.0525,7.65448,350.5,13.88,0.1
2,6,40063,45.0531,7.65565,270,15.26,1.1
2,5,40111,45.0525,7.65447,350.5,13.87,-1.6
2,5,40211,45.0525,7.65447,350.5,13.87,-0.8
2,7,40216,45.0523,7.65533,270,6.93,-0.4
2,6,40363,45.0531,7.65559,270,15.26,0.4
2,5,40511,45.0526,7.65446,350.5,13.88,0.2
2,6,40663,45.0531,7.65554,270,15.25,-1
2,5,40811,45.0526,7.65445,350.5,13.88,-0.4
2,7,40816,45.0523,7.65528,270,6.92,-0.9
2,6,40963,45.0531,7.65548,270,15.25,-0.4
2,5,41111,45.0526,7.65444,350.5,13.87,-0.8
2,6,41263,45.0531,7.65542,270,15.26,1
2,5,41411,45.0527,7.65444,350.5,13.88,0.8
2,7,41416,45.0523,7.65523,270,6.93,0.3
2,6,41563,45.0531,7.65536,270,15.25,-0.6
2,5,41711,45.0527,7.65443,350.5,13.87,-0.7
2,5,41811,45.0527,7.65443,354.7,13.87,0.5
2,6,41863,45.0531,7.65531,270,15.25,0
2,5,41911,45.0527,7.65443,0.5,13.88,1.1
2,5,42011,45.0527,7.65443,6.3,13.87,-0.9
2,7,42016,45.0523,7.65518,270,6.93,-0.5
2,5,42111,45.0527,7.65444,11.3,13.87,-0.6
2,6,42163,45.0531,7.65525,270,15.25,-0.1
2,5,42211,45.0527,7.65444,11.3,13.87,-0.6
2,5,42311,45.0528,7.65444,11.3,13.88,1.2
2,5,42411,45.0528,7.65445,11.3,13.88,0.4
2,6,42463,45.0531,7.65519,270,15.26,-0.7
2,7,42616,45.0523,7.65512,270,6.93,0
2,5,42711,45.0528,7.65445,11.3,13.87,0.1
2,6,42763,45.0531,7.65514,270,15.25,-0.3
2,5,43011,45.0528,7.65446,11.3,13.87,0.2
2,6,43063,45.0531,7.65508,270,15.25,-1.5
2,7,43216,45.0523,7.65507,270,6.92,0
2,5,43311,45.0529,7.65447,11.3,13.87,0.5
2,6,43363,45.0531,7.65502,270,15.25,-0.2
2,5,43611,45.0529,7.65449,17,13.87,-0.1
2,6,43663,45.0531,7.65496,270,15.26,1.4
2,5,43711,45.0529,7.6545,29.9,13.88,0.7
2,5,43811,45.0529,7.65451,43.1,13.87,-0.4
2,7,43816,45.0523,7.65502,270,6.93,0.8
2,5,43911,45.0529,7.65452,55.5,13.88,0.7
2,6,43963,45.0531,7.65491,270,15.25,-1.1
2,5,44011,45.0529,7.65454,56.8,13.87,-0.1
2,5,44111,45.0529,7.65455,56.8,13.88,1.5
2,5,44211,45.0529,7.65456,56.8,13.88,1.6
2,6,44263,45.0531,7.65485,270,15.25,0.2
2,7,44416,45.0523,7.65497,270,6.92,0.5
2,6,44463,45.0531,7.65476,257.9,15.25,0.2
2,5,44511,45.053,7.6546,56.8,13.88,-0.3
2,6,44563,45.0531,7.65475,252.4,15.26,-0.4
2,6,44663,45.0531,7.65473,247,15.25,-1.1
2,6,44763,45.0531,7.65471,236.9,15.26,0
2,5,44811,45.053,7.65464,56.8,13.88,1.7
2,6,44863,45.0531,7.6547,236.9,15.26,-0.7
2,6,44963,45.0531,7.65468,236.9,15.26,-0.4
2,7,45016,45.0523,7.65492,270,6.93,0.1
2,6,45063,45.053,7.65467,236.9,15.26,0.1
2,5,45111,45.053,7.65468,56.8,13.88,1
2,6,45363,45.053,7.65462,236.9,15.26,1.3
2,5,45411,45.053,7.65472,56.8,13.87,-0.9
2,7,45616,45.0523,7.65486,270,6.93,-0.2
2,6,45663,45.053,7.65457,236.9,15.25,0.2
2,5,45711,45.053,7.65476,56.8,13.87,-0.4
2,7,45916,45.0523,7.65483,275.4,6.92,-0.9
2,6,45963,45.053,7.65452,236.9,15.25,0.4
2,5,46011,45.053,7.6548,56.8,13.88,0
2,7,46116,45.0523,7.65482,283,6.92,-1.1
2,5,46211,45.0531,7.65484,65.4,13.88,1.3
2,6,46263,45.053,7.65447,236.9,15.26,0
2,5,46311,45.0531,7.65486,73.5,13.88,0
2,7,46316,45.0523,7.6548,291.1,6.93,0.5
2,5,46411,45.0531,7.65487,81.2,13.87,-0.9
2,7,46416,45.0523,7.6548,295.2,6.92,-0.4
2,5,46511,45.0531,7.65489,90,13.88,0
2,7,46516,45.0523,7.65479,299.3,6.93,0.2
2,6,46563,45.0529,7.65443,236.9,15.26,0.6
2,5,46611,45.0531,7.65491,90,13.88,-0.2
2,7,46616,45.0523,7.65478,303.6,6.93,0.7
2,5,46711,45.0531,7.65493,90,13.88,0.7
2,7,46716,45.0523,7.65478,303.6,6.93,0.8
2,6,46763,45.0529,7.65441,223.2,15.25,-1.5
2,5,46811,45.0531,7.65494,90,13.88,0
2,7,46816,45.0523,7.65477,303.6,6.93,0.1
2,6,46863,45.0529,7.6544,208.6,15.26,0.2
2,7,46916,45.0523,7.65476,303.6,6.92,-0.9
2,6,46963,45.0529,7.6544,194.7,15.26,0.8
2,7,47016,45.0523,7.65476,303.6,6.92,-0.7
2,6,47063,45.0529,7.6544,191.2,15.25,-1.4
2,5,47111,45.0531,7.655,90,13.88,0
2,6,47163,45.0529,7.65439,191.2,15.25,-0.8
2,6,47263,45.0528,7.65439,191.2,15.25,-1.2
2,6,47363,45.0528,7.65439,191.2,15.26,0.2
2,5,47411,45.0531,7.65505,90,13.88,1.4
2,6,47463,45.0528,7.65438,191.2,15.25,-1.2
2,7,47616,45.0523,7.65472,303.6,6.93,0.8
2,5,47711,45.0531,7.6551,90,13.87,-0.8
2,6,47763,45.0528,7.65437,191.2,15.25,-1.4
2,5,48011,45.0531,7.65515,90,13.88,0.7
2,6,48063,45.0527,7.65436,191.2,15.26,1
2,7,48216,45.0524,7.65468,303.6,6.92,-0.4
2,5,48311,45.0531,7.6552,90,13.88,0
2,6,48363,45.0527,7.65435,191.2,15.26,0.2
2,6,48463,45.0527,7.65435,187.2,15.25,-0.9
2,6,48563,45.0527,7.65436,180.8,15.25,-0.3
2,5,48611,45.0531,7.65526,90,13.87,-0.5
2,6,48663,45.0527,7.65436,174.5,15.25,-0.6
2,6,48763,45.0526,7.65436,170.5,15.26,0.1
2,7,48816,45.0524,7.65464,303.6,6.92,-0.9
2,6,48863,45.0526,7.65437,170.5,15.25,0
2,5,48911,45.0531,7.65531,90,13.87,-0.7
2,6,48963,45.0526,7.65437,170.5,15.26,-0.4
2,5,49211,45.0531,7.65536,90,13.87,0.6
2,6,49263,45.0526,7.65438,170.5,15.26,1
2,7,49416,45.0524,7.6546,303.6,6.93,-0.7
2,5,49511,45.0531,7.65541,90,13.87,-1.3
2,6,49563,45.0525,7.65439,170.5,15.25,0.3
2,5,49811,45.0531,7.65547,90,13.88,1.3
2,6,49863,45.0525,7.6544,170.5,15.25,-0.8
2,7,50016,45.0524,7.65456,303.6,6.92,-1.1
2,5,50111,45.0531,7.65552,90,13.88,0.1
2,6,50163,45.0525,7.65441,170.5,15.25,-0.7
2,5,50411,45.0531,7.65557,90,13.88,0.6
2,6,50463,45.0524,7.65442,170.1,15.25,-1.1
2,6,50563,45.0524,7.65444,156.2,15.25,-0.2
2,7,50616,45.0524,7.65452,303.6,6.92,0
2,6,50663,45.0524,7.65445,141.2,15.26,0.3
2,5,50711,45.0531,7.65562,90,13.87,-1
2,6,50763,45.0524,7.65447,126.9,15.25,0
2,6,50863,45.0524,7.65449,123.6,15.25,-0.3
2,6,50963,45.0524,7.6545,123.6,15.26,-0.1
2,5,51011,45.0531,7.65567,90,13.87,0.5
2,6,51063,45.0524,7.65452,123.6,15.26,0.2
2,7,51116,45.0525,7.65449,309.7,6.93,0
2,7,51216,45.0525,7.65449,316.2,6.93,1.7
2,5,51311,45.0531,7.65573,90,13.88,0.5
2,7,51316,45.0525,7.65449,322.9,6.93,0.6
2,6,51363,45.0523,7.65457,123.6,15.25,0.6
2,7,51416,45.0525,7.65448,329.8,6.93,0.3
2,7,51516,45.0525,7.65448,336.6,6.93,0.7
2,5,51611,45.0531,7.65578,90,13.88,1.4
2,7,51616,45.0525,7.65448,343.1,6.92,-0.3
2,6,51663,45.0523,7.65462,123.6,15.25,-0.5
2,7,51716,45.0525,7.65448,349.3,6.93,-0.6
2,7,51816,45.0525,7.65448,350.5,6.92,-0.4
2,5,51911,45.0531,7.65583,90,13.87,0
2,7,51916,45.0525,7.65448,350.5,6.92,-1.1
2,6,51963,45.0523,7.65467,123.6,15.26,0.4
2,7,52016,45.0525,7.65448,350.5,6.92,0.8
2,5,52211,45.0531,7.65588,90,13.88,0.6
2,6,52263,45.0523,7.65471,123.6,15.25,-1.3
2,5,52511,45.0531,7.65593,90,13.87,-1.3
2,6,52563,45.0523,7.65476,123.6,15.26,0.4
2,7,52616,45.0525,7.65447,350.5,6.92,-0.8
2,6,52763,45.0522,7.65485,114.2,15.26,0.9
2,5,52811,45.0531,7.65599,90,13.87,0.2
2,6,52863,45.0522,7.65487,109.6,15.26,0.9
2,6,52963,45.0522,7.65489,104.9,15.25,-0.6
2,6,53063,45.0522,7.65491,100.2,15.26,0.3
2,6,53163,45.0522,7.65493,90,15.25,-0.2
2,7,53216,45.0526,7.65446,350.5,6.93,0.5
2,6,53263,45.0522,7.65494,90,15.26,0.3
2,6,53363,45.0522,7.65496,90,15.26,0.7
2,6,53463,45.0522,7.65498,90,15.26,0.7
2,6,53763,45.0522,7.65504,90,15.26,0
2,7,53816,45.0526,7.65445,350.5,6.92,-0.9
2,6,54063,45.0522,7.6551,90,15.26,0.3
2,6,54363,45.0522,7.65515,90,15.25,-1.1
2,7,54416,45.0526,7.65444,350.5,6.93,0.9
2,6,54663,45.0522,7.65521,90,15.26,-0.1
2,0,54687,45.0532,7.656,270,20.81,0.2
2,0,54887,45.0532,7.65595,270,20.81,-0.7
2,6,54963,45.0522,7.65527,90,15.25,0.3
2,7,55016,45.0527,7.65443,350.5,6.93,-0.3
2,0,55087,45.0532,7.6559,270,20.82,-0.5
2,6,55263,45.0522,7.65533,90,15.25,-1.2
2,0,55287,45.0532,7.65585,270,20.81,-0.4
2,0,55487,45.0532,7.65579,270,20.81,0.2
2,6,55563,45.0522,7.65538,90,15.25,-0.9
2,7,55616,45.0527,7.65443,355.1,6.92,0.4
2,0,55687,45.0532,7.65574,270,20.81,-0.5
2,7,55816,45.0527,7.65443,0.9,6.93,-0.4
2,6,55863,45.0522,7.65544,90,15.25,-1.7
2,0,55887,45.0532,7.65569,270,20.82,-0.3
2,7,56016,45.0527,7.65444,6.7,6.92,0.1
2,0,56087,45.0532,7.65564,270,20.81,-1.2
2,6,56163,45.0522,7.6555,90,15.26,1.5
2,7,56216,45.0527,7.65444,11.3,6.92,-0.9
2,0,56287,45.0531,7.65559,270,20.82,1
2,7,56416,45.0527,7.65444,11.3,6.93,0.7
2,6,56463,45.0522,7.65556,90,15.26,0.3
2,0,56487,45.0531,7.65553,270,20.82,0.1
2,7,56616,45.0528,7.65444,11.3,6.92,-0.8
2,0,56687,45.0531,7.65548,270,20.81,-0.3
2,6,56763,45.0522,7.65561,90,15.25,-1.7
2,1,56797,45.0523,7.65684,270,6.93,-0.5
2,7,56816,45.0528,7.65445,11.3,6.92,-1.5
2,0,56887,45.0531,7.65543,270,20.82,0.5
2,6,57063,45.0522,7.65567,90,15.25,-1.2
2,0,57087,45.0531,7.65538,270,20.81,-0.5
2,0,57287,45.0531,7.65532,270,20.81,-0.5
2,6,57363,45.0522,7.65573,90,15.25,-0.9
2,1,57397,45.0523,7.65679,270,6.92,-0.7
2,7,57416,45.0528,7.65445,11.3,6.93,0.8
2,0,57487,45.0531,7.65527,270,20.82,1
2,6,57663,45.0522,7.65579,90,15.25,-0.3
2,0,57687,45.0531,7.65522,270,20.82,-0.2
2,0,57887,45.0531,7.65517,270,20.82,0.6
2,6,57963,45.0522,7.65584,90,15.26,-0.7
2,1,57997,45.0523,7.65674,270,6.92,-1
2,7,58016,45.0528,7.65446,11.3,6.93,1.5
2,0,58087,45.0531,7.65512,270,20.81,-1.4
2,6,58263,45.0522,7.6559,90,15.26,0.6
2,0,58287,45.0531,7.65506,270,20.82,1.1
2,0,58487,45.0531,7.65501,270,20.81,-0.2
2,6,58563,45.0522,7.65596,90,15.26,0
2,1,58597,45.0523,7.65669,270,6.93,0.3
2,7,58616,45.0529,7.65447,11.3,6.92,-1.1
2,0,58687,45.0531,7.65496,270,20.81,-1.6
2,6,58863,45.0522,7.65601,90,15.25,0.2
2,0,58887,45.0531,7.65491,270,20.81,-1.5
2,0,59087,45.0531,7.65486,270,20.81,0
2,6,59163,45.0522,7.65607,90,15.25,-1.1
2,1,59197,45.0523,7.65664,270,6.93,0.4
2,7,59216,45.0529,7.65449,17.5,6.93,0.3
2,0,59287,45.0531,7.65473,257.2,20.81,-0.6
2,7,59316,45.0529,7.65449,23.8,6.93,1.3
2,0,59387,45.0531,7.65471,251.5,20.82,0.7
2,7,59416,45.0529,7.6545,30.4,6.92,-0.8
2,6,59463,45.0522,7.65613,90,15.26,0
2,0,59487,45.0531,7.65469,246.1,20.82,1.7
2,7,59516,45.0529,7.65451,37,6.93,-0.2
2,0,59587,45.0531,7.65467,236.9,20.82,1.2
2,7,59616,45.0529,7.65451,43.6,6.92,-1
2,0,59687,45.0531,7.65464,236.9,20.82,0.7
2,7,59716,45.0529,7.65452,50,6.93,-0.3
2,6,59763,45.0522,7.65619,90,15.25,-0.8
2,0,59787,45.0531,7.65462,236.9,20.82,0.4
2,1,59797,45.0523,7.65658,270,6.92,0.1
2,7,59816,45.0529,7.65453,55.9,6.93,1.3
2,0,59887,45.053,7.6546,236.9,20.82,1.7
2,7,59916,45.0529,7.65453,56.8,6.92,-1.1
2,7,60016,45.0529,7.65454,56.8,6.93,1.1
2,6,60063,45.0522,7.65624,90,15.26,-0.7
2,0,60087,45.053,7.65455,236.9,20.82,1.1
2,7,60116,45.0529,7.65454,56.8,6.93,1.1
2,7,60216,45.0529,7.65455,56.8,6.92,-1.3
2,0,60287,45.053,7.6545,236.9,20.81,0.1
2,6,60363,45.0522,7.6563,90,15.25,-0.8
2,1,60397,45.0523,7.65653,270,6.93,-0.3
2,0,60487,45.053,7.65446,236.9,20.81,0.2
2,6,60663,45.0522,7.65636,90,15.25,-0.4
2,0,60687,45.053,7.65441,236.9,20.81,0.3
2,7,60816,45.0529,7.65459,56.8,6.93,-0.2
2,0,60887,45.0529,7.65437,232.3,20.81,-0.2
2,6,60963,45.0522,7.65642,90,15.25,0
2,0,60987,45.0529,7.65437,217.5,20.82,-0.2
2,1,60997,45.0523,7.65648,270,6.92,0.3
2,0,61087,45.0529,7.65436,202.2,20.81,-0.5
2,0,61187,45.0529,7.65436,191.3,20.81,0.3
2,6,61263,45.0522,7.65647,90,15.26,0.7
2,0,61287,45.0529,7.65435,191.3,20.81,-1
2,0,61387,45.0528,7.65435,191.3,20.81,0.3
2,7,61416,45.053,7.65463,56.8,6.93,0.5
2,0,61487,45.0528,7.65434,191.3,20.81,-1.7
2,6,61563,45.0522,7.65653,90,15.25,-0.5
2,1,61597,45.0523,7.65643,270,6.93,0.5
2,0,61687,45.0528,7.65433,191.3,20.81,0.4
2,6,61863,45.0522,7.65659,90,15.25,-0.8
2,0,61887,45.0527,7.65432,191.3,20.82,0.3
2,7,62016,45.053,7.65467,56.8,6.93,0.6
2,0,62087,45.0527,7.65431,191.3,20.81,0.3
2,6,62163,45.0522,7.65664,90,15.26,-0.2
2,1,62197,45.0523,7.65638,270,6.92,-1.4
2,0,62287,45.0527,7.65432,182.2,20.82,-0.4
2,0,62387,45.0526,7.65432,175.5,20.82,-0.1
2,6,62463,45.0522,7.6567,90,15.25,-1.1
2,0,62487,45.0526,7.65433,170.5,20.82,0.2
2,0,62587,45.0526,7.65433,170.5,20.81,-0.2
2,7,62616,45.053,7.65471,56.8,6.92,-0.3
2,0,62687,45.0526,7.65434,170.5,20.81,-1.7
2,6,62763,45.0522,7.65676,90,15.25,0
2,0,62787,45.0526,7.65434,170.5,20.81,0.4
2,1,62797,45.0523,7.65632,270,6.93,1
2,0,62887,45.0526,7.65435,170.5,20.81,0.1
2,6,63063,45.0522,7.65682,90,15.26,-0.1
2,0,63087,45.0525,7.65436,170.5,20.81,-0.7
2,7,63216,45.053,7.65475,56.8,6.92,-0.8
2,0,63287,45.0525,7.65437,170.5,20.81,0.3
2,6,63363,45.0522,7.65687,90,15.26,1.9
2,1,63397,45.0523,7.65627,270,6.92,0.5
2,0,63487,45.0524,7.65438,170.5,20.82,0
2,6,63663,45.0522,7.65693,90,15.26,1
2,0,63687,45.0524,7.65439,168.9,20.82,0.5
2,0,63787,45.0524,7.65441,154.1,20.81,0
2,7,63816,45.053,7.65479,56.8,6.92,0.7
2,0,63887,45.0524,7.65444,138.3,20.82,0
2,6,63963,45.0522,7.65699,90,15.25,-0.2
2,0,63987,45.0524,7.65446,123.7,20.82,0.6
2,1,63997,45.0523,7.65622,270,6.93,0.2
2,0,64087,45.0524,7.65448,123.6,20.82,-0.4
2,0,64187,45.0523,7.65451,123.6,20.82,1
2,6,64263,45.0522,7.65705,90,15.25,0.1
2,0,64287,45.0523,7.65453,123.6,20.82,-0.3
2,7,64316,45.0531,7.65483,61.4,6.93,-0.5
2,7,64416,45.0531,7.65484,65.4,6.93,0.6
2,0,64487,45.0523,7.65458,123.6,20.81,0.3
2,7,64516,45.0531,7.65485,69.5,6.93,0.3
2,6,64563,45.0522,7.6571,90,15.25,-1.4
2,1,64597,45.0523,7.65617,270,6.92,-1
2,7,64616,45.0531,7.65486,73.5,6.93,0
2,0,64687,45.0523,7.65462,123.6,20.81,0.1
2,7,64716,45.0531,7.65487,77.4,6.92,0.2
2,7,64816,45.0531,7.65487,81.2,6.93,0.9
2,6,64863,45.0522,7.65716,90,15.26,-0.2
2,0,64887,45.0523,7.65467,123.6,20.82,1.2
2,7,64916,45.0531,7.65488,84.9,6.93,0.6
2,7,65016,45.0531,7.65489,90,6.93,1.1
2,0,65087,45.0523,7.65472,123.6,20.81,-0.7
2,7,65116,45.0531,7.6549,90,6.93,-0.3
2,6,65163,45.0522,7.65722,90,15.25,-1.1
2,1,65197,45.0523,7.65612,270,6.92,0.6
2,7,65216,45.0531,7.65491,90,6.93,0.5
2,0,65287,45.0522,7.65476,123.6,20.82,1
2,7,65316,45.0531,7.65492,90,6.92,0.4
2,0,65387,45.0522,7.65486,113.1,20.81,-0.5
2,6,65463,45.0522,7.65727,90,15.26,0.6
2,0,65487,45.0522,7.65489,107.5,20.81,0.3
2,0,51,45.0522,7.65491,101.8,20.81,0.6
2,0,151,45.0522,7.65494,90,20.81,-1.6
2,6,227,45.0522,7.65733,90,15.25,-1
2,0,251,45.0522,7.65496,90,20.82,0
2,1,261,45.0523,7.65606,270,6.93,0.2
2,0,351,45.0522,7.65499,90,20.82,-0.1
2,7,380,45.0531,7.65497,90,6.93,-0.2
2,0,451,45.0522,7.65502,90,20.81,0.4
2,6,527,45.0522,7.65739,90,15.26,1.2
2,0,651,45.0522,7.65507,90,20.81,0.2
2,3,808,45.0523,7.65787,270,9.7,0.1
2,6,827,45.0522,7.65745,90,15.25,-1.1
2,0,851,45.0522,7.65512,90,20.81,-0.7
2,1,861,45.0523,7.65601,270,6.92,0.5
2,7,980,45.0531,7.65502,90,6.92,-0.5
2,0,1051,45.0522,7.65517,90,20.81,0
2,6,1127,45.0522,7.6575,90,15.25,-0.8
2,0,1251,45.0522,7.65523,90,20.82,0.4
2,3,1308,45.0523,7.65781,270,9.71,-0.3
2,6,1427,45.0522,7.65756,90,15.26,1
2,0,1451,45.0522,7.65528,90,20.81,-1.4
2,1,1461,45.0523,7.65596,270,6.93,-0.4
2,7,1580,45.0531,7.65507,90,6.93,-0.3
2,0,1651,45.0522,7.65533,90,20.81,-0.1
2,6,1727,45.0522,7.65762,90,15.26,1.6
2,3,1808,45.0523,7.65775,270,9.71,0.7
2,0,1851,45.0522,7.65538,90,20.82,1.1
2,6,2027,45.0522,7.65768,90,15.26,-0.1
2,0,2051,45.0522,7.65543,90,20.82,1.5
2,1,2061,45.0523,7.65591,270,6.93,1.8
2,7,2180,45.0531,7.65513,90,6.93,0.4
2,0,2251,45.0522,7.65549,90,20.81,-1.3
2,3,2308,45.0523,7.65769,270,9.71,1.3
2,6,2327,45.0522,7.65773,90,15.26,0.3
2,0,2451,45.0522,7.65554,90,20.81,-1.1
2,6,2627,45.0522,7.65779,90,15.25,0.1
2,0,2651,45.0522,7.65559,90,20.81,-1.9
2,1,2661,45.0523,7.65586,270,6.92,-0.9
2,7,2780,45.0531,7.65518,90,6.92,0.3
2,3,2808,45.0523,7.65763,270,9.71,0
2,0,2851,45.0522,7.65564,90,20.34,-2.7
2,6,2927,45.0522,7.65785,90,15.26,0.1
2,0,3051,45.0522,7.65569,90,19.46,-4
2,6,3227,45.0522,7.6579,90,15.25,-1
2,0,3251,45.0522,7.65574,90,18.63,-4.3
2,1,3261,45.0523,7.6558,270,6.93,0.2
2,3,3308,45.0523,7.65756,270,9.71,1.3
2,7,3380,45.0531,7.65523,90,6.93,0.8
2,0,3451,45.0522,7.65578,90,17.8,-3.6
2,6,3527,45.0522,7.65796,90,15.25,-1.5
2,6,3627,45.0523,7.65805,79.5,15.25,-0.6
2,0,3651,45.0522,7.65583,90,17,-5.1
2,6,3727,45.0523,7.65807,74.7,15.25,0.3
2,3,3808,45.0523,7.6575,270,9.71,0.4
2,6,3827,45.0523,7.65809,70,15.26,1.5
2,0,3851,45.0522,7.65587,90,16.22,-4.5
2,1,3861,45.0523,7.65575,270,6.93,-0.7
2,7,3980,45.0531,7.65528,90,6.92,0.3
2,0,4051,45.0522,7.65591,90,15.47,-3.2
2,0,4251,45.0522,7.65595,90,15.13,3.6
2,3,4308,45.0523,7.65744,270,9.7,0.3
2,0,4451,45.0522,7.65599,90,15.7,3.4
2,1,4461,45.0523,7.6557,270,6.93,0.5
2,7,4580,45.0531,7.65533,90,6.92,-0.9
2,0,4651,45.0522,7.65602,90,16.23,2.1
2,3,4808,45.0523,7.65738,270,9.71,1.5
2,0,4851,45.0523,7.65607,90,16.78,2.8
2,0,5051,45.0523,7.65611,90,17.37,3.2
2,1,5061,45.0523,7.65565,270,6.92,-1.3
2,7,5180,45.0531,7.65539,90,6.93,0.5
2,0,5251,45.0523,7.65615,90,17.98,2.7
2,3,5308,45.0523,7.65732,270,9.7,-0.6
2,0,5451,45.0523,7.6562,90,18.57,2.5
2,0,5651,45.0523,7.65625,90,19.17,3.7
2,1,5661,45.0523,7.6556,270,6.92,0
2,7,5780,45.0531,7.65544,90,6.93,1.5
2,3,5808,45.0523,7.65726,270,9.71,0.3
2,0,5851,45.0523,7.6563,90,19.75,3
2,0,6051,45.0523,7.65635,90,20.36,3.1
2,0,6251,45.0523,7.6564,90,20.82,0.7
2,1,6261,45.0523,7.65554,270,6.93,0.1
2,3,6308,45.0523,7.6572,270,9.7,-0.4
2,7,6380,45.0531,7.65549,90,6.92,-0.1
2,0,6451,45.0523,7.65645,90,20.81,-0.3
2,5,6475,45.0524,7.65816,236.3,13.87,-1.3
2,0,6651,45.0523,7.6565,90,20.82,1.2
2,5,6775,45.0524,7.65812,236.3,13.87,-0.1
2,3,6808,45.0523,7.65714,270,9.7,-1.3
2,0,6851,45.0523,7.65655,90,20.82,0.1
2,1,6861,45.0523,7.65549,270,6.93,1.3
2,7,6980,45.0531,7.65554,90,6.93,1.1
2,0,7051,45.0523,7.65661,90,20.81,-0.2
2,5,7075,45.0524,7.65808,236.3,13.87,0.3
2,0,7251,45.0523,7.65666,90,20.81,-1.4
2,3,7308,45.0523,7.65708,270,9.7,-1.2
2,5,7375,45.0524,7.65804,236.3,13.88,0
2,0,7451,45.0523,7.65671,90,20.81,0.4
2,1,7461,45.0523,7.65544,270,6.93,1.4
2,7,7580,45.0531,7.65559,90,6.92,-1.1
2,0,7651,45.0523,7.65676,90,20.81,0.2
2,5,7675,45.0523,7.658,236.3,13.88,0
2,3,7808,45.0523,7.65702,270,9.71,1.5
2,0,7851,45.0523,7.65681,90,20.82,0.4
2,5,7875,45.0523,7.65796,243.6,13.87,-0.9
2,5,7975,45.0523,7.65795,251.8,13.87,-1.1
2,0,8051,45.0523,7.65687,90,20.82,-0.4
2,1,8061,45.0523,7.65539,270,6.92,-0.7
2,5,8075,45.0523,7.65793,259.8,13.88,-0.1
2,5,8175,45.0523,7.65791,267.1,13.88,0.6
2,7,8180,45.0531,7.65565,90,6.93,-0.8
2,0,8251,45.0523,7.65692,90,20.81,-1.3
2,5,8275,45.0523,7.65789,270,13.88,1.4
2,3,8308,45.0523,7.65696,270,9.71,-0.3
2,5,8375,45.0523,7.65788,270,13.88,-0.8
2,0,8451,45.0523,7.65697,90,20.81,0
2,5,8475,45.0523,7.65786,270,13.88,0.8
2,0,8651,45.0523,7.65702,90,20.82,0.9
2,1,8661,45.0523,7.65534,270,6.92,-1.2
2,5,8775,45.0523,7.65781,270,13.88,0
2,7,8780,45.0531,7.6557,90,6.92,-1.5
2,3,8808,45.0523,7.6569,270,9.71,0
2,0,8851,45.0523,7.65707,90,20.82,0.2
2,0,9051,45.0523,7.65713,90,20.81,0
2,5,9075,45.0523,7.65776,270,13.88,-0.4
2,0,9251,45.0523,7.65718,90,20.82,-0.3
2,1,9261,45.0523,7.65528,270,6.93,1.5
2,3,9308,45.0523,7.65684,270,9.7,-0.9
2,5,9375,45.0523,7.6577,270,13.88,-0.6
2,7,9380,45.0531,7.65575,90,6.93,0.3
2,0,9451,45.0523,7.65723,90,20.82,0.3
2,0,9651,45.0523,7.65728,90,20.81,-1
2,5,9675,45.0523,7.65765,270,13.88,-0.2
2,3,9808,45.0523,7.65678,270,9.7,0.8
2,0,9851,45.0523,7.65733,90,20.81,0
2,1,9861,45.0523,7.65523,270,6.92,0.4
2,5,9975,45.0523,7.6576,270,13.87,-0.8
2,7,9980,45.0531,7.6558,90,6.92,-0.6
2,0,10051,45.0523,7.65739,90,20.81,-0.3
2,0,10251,45.0523,7.65744,90,20.82,-0.5
2,5,10275,45.0523,7.65755,270,13.87,-0.3
2,3,10308,45.0523,7.65671,270,9.7,-1.1
2,0,10451,45.0523,7.65749,90,20.81,0.5
2,1,10461,45.0523,7.65518,270,6.92,-1
2,5,10575,45.0523,7.6575,270,13.88,-0.2
2,7,10580,45.0531,7.65585,90,6.92,0.3
2,0,10651,45.0523,7.65754,90,20.81,-1.1
2,3,10808,45.0523,7.65665,270,9.7,0.2
2,0,10851,45.0523,7.6576,90,20.81,-1.4
2,5,10875,45.0523,7.65744,270,13.87,-1
2,0,11051,45.0523,7.65765,90,20.82,1.3
2,1,11061,45.0523,7.65513,270,6.93,0.4
2,5,11175,45.0523,7.65739,270,13.88,0.7
2,7,11180,45.0531,7.65591,90,6.92,0
2,0,11251,45.0523,7.6577,90,20.81,-0.5
2,3,11308,45.0523,7.65659,270,9.7,0.4
2,0,11451,45.0523,7.65775,90,20.82,0.7
2,5,11475,45.0523,7.65734,270,13.88,1.1
2,0,11651,45.0523,7.6578,90,20.82,0.4
2,1,11661,45.0523,7.65508,270,6.93,0.1
2,5,11775,45.0523,7.65729,270,13.87,0.2
2,7,11780,45.0531,7.65596,90,6.93,0.8
2,3,11808,45.0523,7.65653,270,9.71,0
2,0,11851,45.0523,7.65786,90,20.81,-0.4
2,0,12051,45.0523,7.65791,90,20.81,-1.4
2,5,12075,45.0523,7.65723,270,13.87,-0.5
2,6,12227,45.0532,7.65791,282.5,15.26,1
2,0,12251,45.0523,7.65796,90,20.82,0.6
2,3,12308,45.0523,7.65647,270,9.7,0
2,6,12327,45.0532,7.65789,270,15.25,-0.3
2,0,12351,45.0523,7.65804,80.5,20.82,0.2
2,5,12375,45.0523,7.65718,270,13.87,-1
2,7,12380,45.0531,7.65601,90,6.92,-0.7
2,6,12427,45.0532,7.65787,270,15.26,0.5
2,0,12451,45.0523,7.65806,74,20.82,-0.3
2,6,12527,45.0532,7.65785,270,15.26,0.7
2,0,12551,45.0523,7.65808,67.5,20.81,-1.5
2,6,12627,45.0532,7.65783,270,15.25,0.6
2,0,12651,45.0523,7.6581,56.3,20.82,0.5
2,5,12675,45.0523,7.65713,270,13.87,-0.7
2,0,12751,45.0523,7.65812,56.3,20.82,-0.4
2,3,12808,45.0523,7.65641,270,9.7,-0.9
2,0,12851,45.0523,7.65815,56.3,20.81,-0.3
2,6,12927,45.0532,7.65777,270,15.26,0.4
2,0,12951,45.0524,7.65817,56.3,20.82,1.3
2,5,12975,45.0523,7.65708,270,13.87,-0.4
2,7,12980,45.0531,7.65606,90,6.93,1.2
2,0,13151,45.0524,7.65821,56.3,20.81,-1.8
2,6,13227,45.0532,7.65772,270,15.26,1.1
2,5,13275,45.0523,7.65703,270,13.87,0.6
2,3,13308,45.0523,7.65635,270,9.7,0.2
2,0,13351,45.0524,7.65825,56.3,20.82,0.3
2,6,13527,45.0532,7.65766,270,15.26,-0.2
2,0,13551,45.0524,7.6583,56.3,20.82,-0.8
2,5,13575,45.0523,7.65697,270,13.88,0.5
2,7,13580,45.0531,7.65612,90,6.93,0
2,0,13751,45.0524,7.65834,56.3,20.81,-0.7
2,3,13808,45.0523,7.65629,270,9.7,0.1
2,6,13827,45.0532,7.6576,270,15.25,-1.3
2,5,13875,45.0523,7.65692,270,13.87,-0.5
2,0,13951,45.0525,7.65838,56.3,20.82,1.2
2,0,14051,45.0525,7.65839,47.8,20.82,0.7
2,6,14127,45.0532,7.65754,270,15.26,-0.1
2,0,14151,45.0525,7.6584,32.2,20.82,0.3
2,5,14175,45.0523,7.65687,270,13.87,-1.5
2,7,14180,45.0531,7.65617,90,6.92,-0.8
2,0,14251,45.0525,7.6584,16.8,20.82,0
2,3,14308,45.0523,7.65623,270,9.71,1
2,0,14351,45.0525,7.65841,9.4,20.82,1.5
2,6,14427,45.0532,7.65749,270,15.25,-1.3
2,0,14451,45.0525,7.65841,9.4,20.81,-0.7
2,5,14475,45.0523,7.65682,270,13.88,0.8
2,0,14551,45.0526,7.65841,9.4,20.81,-1.2
2,0,14651,45.0526,7.65842,9.4,20.81,0
2,6,14727,45.0532,7.65743,270,15.25,0.2
2,5,14775,45.0523,7.65677,270,13.88,0.9
2,7,14780,45.0531,7.65622,90,6.92,-0.9
2,3,14808,45.0523,7.65617,270,9.7,0.2
2,0,14851,45.0526,7.65843,9.4,20.81,-0.8
2,6,15027,45.0532,7.65737,270,15.26,-0.7
2,0,15051,45.0527,7.65843,9.4,20.81,-0.2
2,5,15075,45.0523,7.65671,270,13.88,0.3
2,0,15251,45.0527,7.65844,9.4,20.81,-1.3
2,3,15308,45.0523,7.65611,270,9.71,0
2,6,15327,45.0532,7.65731,270,15.26,1.2
2,5,15375,45.0523,7.65666,270,13.88,0
2,7,15380,45.0531,7.65627,90,6.93,0
2,0,15451,45.0527,7.65845,9.4,20.82,1
2,6,15627,45.0532,7.65726,270,15.26,-0.1
2,0,15651,45.0528,7.65844,359.5,20.82,-0.3
2,5,15675,45.0523,7.65661,270,13.87,0
2,0,15751,45.0528,7.65844,352.8,20.81,0.5
2,3,15808,45.0523,7.65605,270,9.7,-1.3
2,0,15851,45.0528,7.65843,348.7,20.81,-1.2
2,6,15927,45.0532,7.6572,270,15.25,-0.9
2,0,15951,45.0528,7.65843,348.7,20.81,-0.7
2,5,15975,45.0523,7.65656,270,13.88,-0.1
2,7,15980,45.0531,7.65632,90,6.93,0.1
2,0,16051,45.0528,7.65842,348.7,20.82,0.9
2,0,16151,45.0529,7.65841,348.7,20.82,1.1
2,6,16227,45.0532,7.65714,270,15.25,-0.7
2,5,16275,45.0523,7.65651,270,13.88,0.5
2,3,16308,45.0523,7.65599,270,9.71,0.5
2,0,16351,45.0529,7.6584,348.7,20.81,0.1
2,6,16527,45.0532,7.65709,270,15.26,1.5
2,0,16551,45.0529,7.65839,348.7,20.82,0.8
2,5,16575,45.0523,7.65645,270,13.88,0.1
2,7,16580,45.0531,7.65638,90,6.92,-1.2
2,0,16751,45.053,7.65838,348.7,20.81,0.2
2,3,16808,45.0523,7.65592,270,9.71,-0.3
2,6,16827,45.0532,7.65703,270,15.26,0.9
2,0,16851,45.053,7.65836,338,20.81,-0.3
2,5,16875,45.0523,7.6564,270,13.88,-0.6
2,0,16951,45.053,7.65834,322.8,20.82,0.9
2,0,17051,45.053,7.65832,307.9,20.81,0.5
2,6,17127,45.0532,7.65697,270,15.26,0.7
2,0,17151,45.053,7.6583,303,20.81,-0.8
2,5,17175,45.0523,7.65635,270,13.88,1
2,7,17180,45.0531,7.65643,90,6.93,-0.2
2,0,17251,45.053,7.65827,303,20.82,0.3
2,3,17308,45.0523,7.65586,270,9.7,0.7
2,0,17351,45.053,7.65825,303,20.82,-0.6
2,6,17427,45.0532,7.65691,270,15.25,-1.2
2,0,17451,45.053,7.65823,303,20.81,-0.2
2,5,17475,45.0523,7.6563,270,13.88,1.6
2,0,17651,45.0531,7.65818,303,20.82,0
2,6,17727,45.0532,7.65686,270,15.25,0.1
2,5,17775,45.0523,7.65625,270,13.87,-0.1
2,7,17780,45.0531,7.65648,90,6.93,1.5
2,3,17808,45.0523,7.6558,270,9.7,-1.3
2,0,17851,45.0531,7.65814,303,20.82,0.8
2,6,18027,45.0532,7.6568,270,15.26,1.6
2,0,18051,45.0531,7.6581,303,20.82,-0.6
2,5,18075,45.0523,7.65619,270,13.88,1
2,0,18251,45.0531,7.65805,303,20.82,-0.5
2,3,18308,45.0523,7.65574,270,9.7,0.4
2,6,18327,45.0532,7.65674,270,15.26,0.7
2,5,18375,45.0523,7.65614,270,13.88,-0.3
2,7,18380,45.0531,7.65653,90,6.92,0.2
2,0,18451,45.0532,7.65795,296.2,20.81,-1.3
2,0,18551,45.0532,7.65793,289.9,20.82,1
2,6,18627,45.0532,7.65668,270,15.26,-0.2
2,0,18651,45.0531,7.6579,283.4,20.82,0.6
2,5,18675,45.0523,7.65609,270,13.87,0.4
2,0,18751,45.0531,7.65788,277,20.82,0.2
2,3,18808,45.0523,7.65568,270,9.7,0
2,0,18851,45.0531,7.65785,270,20.81,-0.9
2,6,18927,45.0532,7.65663,270,15.25,-1.4
2,0,18951,45.0531,7.65782,270,20.81,0.4
2,5,18975,45.0523,7.65604,270,13.87,-1
2,7,18980,45.0531,7.65658,90,6.93,0.4
2,0,19051,45.0531,7.6578,270,20.81,-0.8
2,0,19151,45.0531,7.65777,270,20.81,0
2,6,19227,45.0532,7.65657,270,15.25,-0.8
2,5,19275,45.0523,7.65598,270,13.88,0.7
2,0,19351,45.0531,7.65772,270,20.81,-0.5
2,6,19527,45.0532,7.65651,270,15.26,1.1
2,0,19551,45.0531,7.65767,270,20.81,-0.7
2,5,19575,45.0523,7.65593,270,13.88,-0.5
2,7,19580,45.0531,7.65664,90,6.93,0.6
2,0,19751,45.0531,7.65762,270,20.81,-0.7
2,6,19827,45.0532,7.65645,270,15.26,-0.1
2,5,19875,45.0523,7.65588,270,13.8,-1.1
2,0,19951,45.0531,7.65756,270,20.81,0
2,6,20127,45.0532,7.6564,270,15.25,-0.1
2,0,20151,45.0531,7.65751,270,20.81,0
2,5,20175,45.0523,7.65583,270,13.38,-1.6
2,7,20180,45.0531,7.65669,90,6.92,0.6
2,0,20351,45.0531,7.65746,270,20.82,0.9
2,6,20427,45.0532,7.65634,270,15.25,-0.3
2,5,20475,45.0523,7.65578,270,13,-1.5
2,0,20551,45.0531,7.65741,270,20.82,0.6
2,0,20751,45.0531,7.65735,270,20.82,1.4
2,7,20780,45.0531,7.65674,90,6.92,0.5
2,0,20951,45.0531,7.6573,270,20.82,1.4
2,0,21151,45.0531,7.65725,270,20.81,-1.7
2,0,21351,45.0531,7.6572,270,20.82,1.1
2,7,21380,45.0531,7.65679,90,6.93,1.1
2,0,21551,45.0531,7.65715,270,20.81,-1.5
2,0,21751,45.0531,7.65709,270,20.82,1.1
2,0,21951,45.0531,7.65704,270,20.81,-0.9
2,7,21980,45.0531,7.65684,90,6.92,-0.5
2,0,22151,45.0531,7.65699,270,20.81,0
2,0,22351,45.0531,7.65694,270,20.82,0
2,0,22551,45.0531,7.65689,270,20.82,0.7
2,7,22580,45.0531,7.6569,90,6.93,1.1
2,0,22751,45.0531,7.65683,270,20.81,-1.1
2,0,22951,45.0531,7.65678,270,20.82,0.3
2,0,23151,45.0531,7.65673,270,20.81,-0.4
2,7,23180,45.0531,7.65695,90,6.93,-0.7
2,0,23351,45.0531,7.65668,270,20.82,0.3
2,0,23551,45.0531,7.65662,270,20.81,-1
2,7,23780,45.0531,7.657,90,6.92,-0.7
2,7,24380,45.0531,7.65705,90,6.92,-0.7
2,7,24980,45.0531,7.6571,90,6.93,0.3
2,7,25580,45.0531,7.65716,90,6.93,0
2,7,26180,45.0531,7.65721,90,6.92,-0.3
2,7,26780,45.0531,7.65726,90,6.92,-0.8
2,7,27380,45.0531,7.65731,90,6.93,0.1
2,7,27980,45.0531,7.65736,90,6.92,-1.5
2,7,28580,45.0531,7.65742,90,6.92,0.1
